Name,Frequency
,2906
[],498
'John,219
'William,148
'James,147
'Mr.,92
['John,57
'Robert,51
'Thomas,45
['William,44
'Lord,44
'George,43
['James,41
'Sir,38
'Alexander,37
Muir'],35
'Margaret,34
['Mr.,32
'David,29
Thomson',29
Gordon',25
'Ann,25
'Janet,24
Street',23
'Peter,22
Campbell',21
"""William",21
Stewart',21
'Mrs,21
'My,20
['Sir,20
['Lord,19
Wilson',19
"""John",19
'Captain,19
Smith',19
'Daniel,18
Brown',18
'Mary,18
['David,18
Gray',17
Street'],17
'Miss,16
'Society,16
Articles'],16
'Francis,14
William,14
'Jean,14
"'d""",14
'Andrew,14
'Thy,14
John,13
Wynd',13
Scott',13
'Hugh,13
['Robert,13
['Auld,13
'JOHN,12
['Thomas,12
['Wholesale,12
['George,12
Scotland',12
['Alexander,12
Wynd'],12
'Auld,12
['Margaret,12
'Elizabeth,12
Anderson',12
'O,11
"""Hugh",11
Bell',11
'Where,11
'Charles,11
['Libberton,11
'J.,11
Bauldie',11
'Fancy,11
['Old,11
['O,10
"""James",10
['My,10
'Joseph,10
'Bonnie,10
Miss,10
Cards',10
'Archibald,10
'Libberton,10
['Sweet,10
'JAMES,10
M',10
Robertson',9
Alexander,9
Young',9
'Ye,9
Bills',9
['Glasgow,9
['JOHN,9
Gilchrist',9
'Hankie,9
Miller',9
Johnston',9
Sir',9
Paterson',9
'Henry,9
Grant',9
'Poor,8
Boswell',8
['From,8
'Dear,8
Joe,8
Cards'],8
Dobie',8
Captain,8
'Whose,8
James,8
['Poor,8
"M'Donald""",8
'Brave,8
Dick',8
'Agnes,8
Park',8
'Allan,7
Baird',7
'Glasgow,7
'Great,7
'Uncle,7
Reid',7
'Matthew,7
'Samuel,7
Jail'],7
'Edinburgh,7
['Captain,7
Morrison',7
'Helen,7
'Hand,7
'High,7
John',7
Douglas',7
['Jim,7
'From,7
"""Thomas",7
"M'Kenzie""",7
Cameron',7
Books',7
'Donald,7
Graham',7
['Bonnie,6
'Than,6
Donald',6
'Willie,6
Sinclair',6
'Sarah,6
Duncan'],6
Campbell'],6
O'],6
['Mary,6
'Colin,6
Paterson'],6
'Messrs,6
Malaysia,6
'Old,6
['Fancy,6
Brown'],6
Thomas,6
Men'],6
Pankie,6
['Duncan,6
'Large,6
Thomson'],6
['Dear,6
Reekie'],6
'Let,6
The,6
Watson',6
Glen',6
Jeffrey'],6
Murray',6
God'],6
Muir',6
George,6
Christ'],6
John'],6
'Her,6
Stationer'],6
Forbes',6
M'],6
Years',5
'Patrick,5
Son',5
['Henry,5
['Society,5
Clark',5
Buchanan',5
Morgan',5
"M'Kay""",5
Mill',5
Stationer',5
M.,5
Mother',5
'Richard,5
"M'Leod""",5
'Marion,5
Simpson'],5
['Jesus,5
'Neil,5
'Till,5
'Riddle,5
Gibson',5
Walker',5
"M'Dougal""",5
Tait',5
Roy',5
M,5
['Peter,5
['Bobby,5
Hunter',5
'Walter,5
Nelly,5
Hamilton',5
['JAMES,5
['Ann,5
White',5
"""Margaret",5
Robertson'],5
'Honest,5
Esq',5
'St,5
Smith'],5
Skirving',5
'Maggie,5
Henderson',5
['Young,5
'Robin,5
Adam',5
['Jamie,5
Hare',5
Cunningham',5
Lord',5
'Good,5
['Mrs,5
['Great,5
'Song,5
Alexander',5
Weir',5
Craig',5
Hill',5
'Catherine,5
'Cupar,5
Pearson',5
['Miss,5
"""Robert",5
Lass',5
Christ',5
'Jim,5
['Janet,5
Dickson',5
Man',5
"M'Lean""",4
'Edward,4
Collins',4
Neilson',4
Moir',4
"M'Farlane""",4
'Bailie,4
Lang,4
Watt',4
"M'Millan""",4
Hermand',4
Hay',4
Barr',4
"""Charles",4
Braes'],4
GOD'],4
'Coal,4
'Geordie,4
Donaldson',4
"""George",4
'Duncan,4
Brown,4
Posting',4
Fraser',4
'Betty,4
Moore',4
"[""John",4
['Lords,4
Maxwell',4
'Drs,4
['Where,4
Paupers',4
James',4
Laddie',4
'Nelson,4
'Jesus,4
O',4
['Daft,4
"M'Guire""",4
"M'Teague""",4
Cameron'],4
KAY'],4
Pentland',4
'Tom,4
Hardie',4
Kerr',4
['Edinburgh,4
Jamie',4
Anderson'],4
['Till,4
Mitchell',4
'Love,4
King',4
Jamie'],4
Anderson,4
Lord'],4
Aytoun'],4
'Though,4
'Jenny,4
Meadowbank',4
Fells',4
God',4
Scot',4
Soul',4
Davidson',4
['Steam,4
Be',4
Moffat',4
['Johnny,4
'Leith,4
Martin',4
"""Peter",4
['J.,4
Ross',4
Stewart'],4
Death',4
Wallace',4
Peddie',4
Bayn',4
Gow',4
'Rob,4
Green',4
'Jane,4
['Francis,4
Reid'],4
Robert,4
'Must,4
"[""Robert",4
'Philip,4
Wilson'],4
Nick',4
Let,4
Muir,4
Meadowbank'],4
'Mathew,4
'Or,4
'Lady,4
['Charles,4
Monro',4
['Three,4
Lawrie',4
Orr',4
'Nine,4
"""Neil",4
Street,3
Mrs,3
'Four,3
Sandy',3
'Three,3
'Royal,3
"M'Laren""",3
'English,3
Pounds'],3
'Linen,3
Sandy'],3
Lady,3
['Good,3
Baillie,3
Mair',3
Don,3
Little',3
S',3
['Highland,3
Will'],3
'Thou,3
Whar,3
GOD',3
Nanny'],3
Wright'],3
['Frae,3
Lang',3
'Johnnie,3
'Dont,3
Reekie',3
MacDonald',3
United States,3
Leslie'],3
Keith',3
Wilkie',3
'Cottage,3
Burns,3
Tackle'],3
Rae',3
Franks',3
Adams',3
['Bonny,3
Was,3
Born',3
['King,3
Glasgow'],3
Beauty',3
['Between,3
Johnson'],3
Earl',3
Paul',3
Davie'],3
Queen'],3
'Barbara,3
My',3
Town',3
Very,3
Bill',3
Jock',3
'Half,3
['Cruel,3
['Catherine,3
"""Archibald",3
Miller'],3
"M'Cann""",3
['Hugh,3
Anne'],3
'Visit,3
Jane'],3
'Makes,3
Peel',3
'Alison,3
Rentoul',3
"M'Lachlan""",3
Smellie',3
['Jemmie,3
Forrest',3
O,3
['Willie,3
Connacher',3
Books'],3
'Nae,3
Provost'],3
['Royal,3
Polite',3
'Holy,3
Nanny',3
'Wood,3
['High,3
Bennie',3
Shaw,3
Printer'],3
['Thou,3
'Sweet,3
Succoth',3
'Tonald,3
'Daft,3
['Campsie,3
'Red,3
Beell',3
Jameson',3
'Cellar,3
Mary',3
Mathew',3
['Eight,3
Ritchie',3
'ROBERT,3
Lindsay',3
Lees',3
'Isobel,3
Toy',3
'Is,3
Jock'],3
'Major,3
['Whose,3
Bishop',3
Bly,3
['Make,3
Johnny',3
Williamson',3
Russell',3
Sharp',3
Lawson',3
Simpson',3
Water',3
Bessie,3
Adamson',3
'King,3
Philips',3
'Athol,3
Posting,3
"M'Kechnie""",3
'Whilst,3
Wife'],3
Folk',3
Finlay',3
Jesus'],3
Johnny'],3
Turner',3
['Brother,3
'Isabella,3
Hart',3
['Michael,3
Cain',3
Connell',3
Laurie',3
['Ten,3
Clerk',3
Justice,3
Robin,3
"M'Intyre""",3
Burke',3
Pitmilly',3
Guilty',3
Williams'],3
Johnstone',3
Innes',3
"M'Intosh""]",3
['Helen,3
'Cornelius,3
'Hill,3
Words'],3
William',3
['Her,3
Allan'],3
Who',3
Whisky',3
Neil',3
Articles',3
['Father,3
Place',3
['Joseph,3
"'d""]",3
Nature',3
Castle'],3
['Loch,3
['Dame,3
['Brave,3
['Argyle,3
Grey',3
Good',3
'Kind,3
Jeffrey',3
Andrew,3
'Michael,3
Wright',3
Hannah',3
"M'Intosh""",3
Begbie',3
Black',3
'Jessie,3
Taylor',3
Boat,3
Donald'],3
Maids'],3
Almighty'],3
['Tom,3
'Hellish,3
'Young,3
['Provost,3
Square',3
G.,3
Land',3
Dougal',3
"M'Taggart""",3
Sutherland',3
Gillies'],3
British',3
Boyle',3
Gentles',3
Love',3
Fraser'],3
Auld'],3
'Paisley,3
Simon,3
Navvigator,3
"M'Kay""]",3
Waddell',3
Mackenzie'],3
Dashing,3
Stevenson',3
"[""William",3
Baillie',3
A.,3
'Mark,3
'Doctor,3
['Almighty,3
Kenny,3
'Slaine,3
Wylie',3
Glen'],3
Knox',3
'Joe,3
Swan',2
Colonel,2
Quondam,2
Houston',2
'Thos,2
['Gizzie,2
Was'],2
Benson'],2
Spittal',2
Grieve'],2
Miles',2
Bridge',2
Poet',2
'Virtuous,2
Brodie',2
'Jas,2
Tax'],2
McDonald',2
Riddell',2
'Income,2
Duke',2
Urquhart',2
Bailie',2
Moncrieff'],2
Pringle,2
Malice,2
Frazer',2
['Leith,2
"M'Kean""",2
'Bristo,2
Rule,2
'Heavens,2
Mitchel',2
Braes',2
Dundee,2
Past,2
Ten',2
['Says,2
Sherdan'],2
Is',2
'Rich,2
Months',2
['Large,2
Seventeen'],2
Ogilvie',2
['Barney,2
Wells',2
Ane',2
Mary'],2
Tamson',2
'Mill,2
Robb',2
Meggy'],2
Years,2
Home,2
Fanny',2
Clydesdale',2
['How,2
Boy,2
Fleming'],2
Prizes',2
'Tamas,2
Henpeck',2
Bay,2
True,2
Orange,2
Mauritania,2
'Glen,2
'Folks,2
'Frederick,2
Mary,2
Daniel'],2
['Scots,2
Bell'],2
Winkworth',2
'Bill,2
House',2
'Head,2
['Wales,2
['Park,2
Francis,2
Jamieson',2
JOHN,2
Cowan',2
'Will,2
['Or,2
Bill'],2
'Scots,2
'Home,2
['Quoth,2
"[""Mr.",2
Are',2
Forbes'],2
'Craigie,2
Henry'],2
Tory'],2
Winds',2
'Blood,2
['Whole,2
Thou',2
'WILLIAM,2
'Chimney,2
['Robin,2
Paisley',2
'Marble,2
['Gypsey,2
Wind'],2
'Robt,2
'Twa,2
Breast',2
"M'Nicol""",2
Wi',2
Times'],2
Elphinstone,2
Grierson',2
Gordons',2
Hon',2
Wife',2
['Round,2
Charlie,2
'Gordon,2
Spence',2
'Wants,2
Treated',2
Iceland,2
'Whan,2
['Lucky,2
Collingwood,2
['Lurgan,2
'Place,2
"[""Barney",2
London'],2
Fate',2
Birks',2
Aytoun',2
Herald',2
'Sandy,2
['Against,2
Dobie'],2
'Lander,2
Allison',2
Richardson',2
Graham'],2
Rooms',2
Betty,2
Douglas'],2
['Jane,2
'North,2
'Nay,2
Corbet',2
Dunn',2
Queen',2
J.',2
"""Agnes",2
Master'],2
Smyth'],2
Fiend',2
['Master,2
SIR',2
['Mark,2
Robie'],2
Dow'],2
"""Roderick",2
Blackwood',2
Hall'],2
Betty',2
'Honnest,2
Myers',2
Doolan',2
Eyes',2
Mayors',2
['Barbarous,2
Murder',2
Men',2
Bryce',2
French'],2
Six,2
All,2
Gentleman',2
Moodie',2
Light',2
"M'Pherson""",2
Lords',2
Authors',2
['Jannie,2
'Wi,2
Chronicle'],2
Tho'],2
"M'Allum""",2
Merchant',2
'Cousin,2
Pennecuik',2
RANKINE',2
Lamond',2
Young,2
Boyd',2
Blaikie',2
'Wee,2
"""Bernard",2
Gordon,2
'Almighty,2
Hope',2
['Bloody,2
Nichol',2
'Just,2
Mathie',2
Circuit'],2
Byrne'],2
['Lady,2
['Dainty,2
['Symon,2
'S,2
Fulton',2
Malcolm',2
Armstrong',2
W.,2
'Cathrine,2
Gillan',2
Mooney',2
Burns'],2
'Loyal,2
Jackson',2
'Maggy,2
St.'],2
Gordon'],2
Bisland',2
Jacks',2
['Picture,2
"""Andrew",2
'Pra,2
'Pious,2
Shentlemen',2
Bodkin',2
'Throw,2
Night',2
Murdoch',2
Fitzclarence',2
'Laulan,2
Pankie',2
['Though,2
'Throu,2
Murray-Land',2
Gray'],2
'Had,2
['Wemyss,2
Louns',2
Rothwell',2
Hall,2
Bridge'],2
Misery'],2
Moncrieff',2
Bills'],2
'God,2
Grant'],2
'Elspeth,2
Andrew',2
['Nelly,2
R.'],2
'Peggy,2
['Divine,2
All'],2
Davie',2
['Isabel,2
'Sandie,2
['Donald,2
'Trous,2
'Frae,2
Toy'],2
['Mike,2
Higgins',2
Mudie',2
'Blythe,2
Jail',2
"""Walter",2
Comus'],2
"M'Aulay""",2
['Black,2
Back,2
Vernon',2
Potts'],2
['Blair,2
'Abraham,2
Logie'],2
Haig'],2
Pound',2
Again',2
Christian,2
Fokoburss'],2
'DAVID,2
Gate',2
Fife',2
"M'clatchy""",2
['Highway,2
'Yet,2
Watson'],2
Robbery',2
['Song,2
'Sick,2
'Linton,2
Trees'],2
Whitehill',2
['Who,2
'Freebairn,2
'Green,2
Sherry',2
['Mathew,2
['Jamaica,2
Myles',2
'Sally,2
['Sure,2
Mackree'],2
Dunlop',2
Mackree',2
"[""James",2
"M'Call""",2
Harley',2
['Dan,2
Dougherty',2
Donelly',2
Denham',2
Scotland'],2
Wood',2
Town,2
Standard,2
"M'Naught""",2
Roy,2
Katrine',2
Bearer,2
'Divid,2
Haggart',2
CAMPBELL',2
Desperandum',2
'Te,2
Printed',2
'Arthur,2
Forsyth',2
Grass',2
Beveridge',2
"M'Gowan""",2
'Kathleen,2
Gunn',2
Buchan'],2
Horn',2
"'t""",2
Kelly',2
"M'Garvie""]",2
Gemmill',2
TENNANT',2
"M'Williams""",2
Fire',2
['Rose,2
'Be,2
Thamsons,2
Renton',2
'Queen,2
Fleming',2
['Country,2
'Cruel,2
Heart'],2
'Quoth,2
Pitmilly'],2
Sim',2
'Wm,2
['Ye,2
Marshall',2
Shaw',2
S.',2
Ferguson',2
Glasgow,2
ANDERSON',2
Courtship,2
Bane',2
Walter,2
'Lords,2
Paterson,2
Bonny,2
Arniel',2
Chaplain',2
Sannie'],2
['Baillie,2
Murray'],2
Come',2
Bairns,2
Dundas',2
Pittin',2
Drummond',2
'Next,2
Committee,2
Honyman',2
Philpot',2
Bold'],2
Jo'],2
'Simon,2
Jones',2
Mill'],2
'Eldest,2
Boag',2
Warden',2
['Seven,2
'Picture,2
"""J.",2
Arbuckle',2
Glendinning',2
['Donal,2
McKenzie',2
Evening,2
Geddes'],2
Dalrymple',2
More',2
One'],2
Grahame',2
Glenn',2
Would',2
Livingstone',2
German',2
['Jean,2
['Simple,2
Boat',2
Dame',2
White'],2
Edinburgh',2
'Paid,2
Law',2
'Baron,2
Hume'],2
Or'],2
Pennycook'],2
['Satyres,2
'Guilty,2
Baxter',2
['St,2
Neil'],2
Milne',2
Green'],2
'Dennis,2
'Brown,2
Knocks',2
Logan',2
'Burke,2
Annie,2
Raeburn',2
Point',2
'Jamie,2
Burke'],2
Ward'],2
['Youghal,2
Emond',2
Broggan'],2
Purves',2
['So,2
'Dublin,2
Lee',2
Clackson',2
Connal',2
Scott'],2
Fitzgerald',2
Millar',2
Magee'],2
Cuthbert',2
'Lewie,2
Upwards',2
Bawn',2
"[""Margaret",2
Moon',2
"M'Kenna""",2
['Dumbarton,2
Me'],2
['Jeanie,2
Montgomery',2
Stand'],2
'Catharine,2
Bonnie,2
Russell'],2
['Both,2
'Joan,2
'Signior,2
'Doctors,2
Thief',2
['Euphemia,2
"O'Connell""",2
"""Dan",2
Rennie',2
Boat'],2
Reason',2
'Saw,2
'Meg,2
Lamont'],2
Fortune',2
Farquharson',2
Printer,2
"""Alexander",2
Allan',2
'Farewell,2
Bertie',2
Robertson,2
'Your,2
'Horse,2
H.',2
['County,2
Aberdeen'],2
'Forty,2
Tamson'],2
Gardner',2
Pettigrew',2
['Andrew,2
"M'Leod""]",2
Song'],2
['Orphan,2
Heads',2
"""Murdo",2
Wond',2
Robin',2
Murchie',2
'Christian,2
Wyeems',2
Dawson',2
Panton',2
['Messrs,2
'Darby,2
Nancy'],2
Knapp—and',2
Johnson',2
Scotia',2
Ann'],2
['Bold,2
Ross'],2
['Whilst,2
['Which,2
Air'],2
'Caller,2
Tytler'],2
Knapp',2
Ewing',2
'Fifty,2
J',2
'Eleven,2
Meg',2
['Let,2
Susan'],2
Syne'],2
'Jacobite,2
'Benjamin,2
Harmer',2
Pyper',2
Carron'],2
Thoughts',2
Pink',2
Duff'],2
Cæsar',2
Highlandmen,2
Creep',2
Money',2
'Rose,2
['Maggy,2
Maid',2
'Wot,2
Liberty',2
['Dundee,2
CUBIE',2
McDougal',2
Gibraltar,2
CUNNINGHAM',2
Yeatts',2
Cher'],2
'Dundee,2
Turnbull',2
Forbies',2
'Dandy,2
Moncur'],2
'Bull,2
Dale,2
'Maud,2
Harkins',2
"M'Millan""]",2
Easter,2
['Dennis,2
Snow,2
'Alma,2
Lilly,2
'Bold,2
Woman',2
['Harmony,1
Burnet',1
'Mither,1
Protect'],1
DONDERHEADO,1
Hielan'],1
CATS',1
'Angel,1
Mercer',1
'Tae,1
Jem'],1
Store',1
Christie',1
"""Possess",1
Revers',1
IV.',1
Rag,1
'Iambi,1
['Hanover,1
IV',1
Square'],1
Whitbread',1
Looked',1
Jul',1
"M'Clasean""",1
Pride'],1
Silvery,1
Light,1
"""Euphame",1
Bright',1
'Allison,1
Macdougalion,1
Musician',1
['Elspet,1
['Eastdale,1
Moor',1
'Big,1
Quarters'],1
Elliot',1
SHRIL-PIPE',1
William'],1
'Signiora,1
'Matter,1
'Monsieur,1
'Puir,1
['Letter,1
Affection'],1
Tongue',1
Pirie',1
'Tarn,1
Nicholson',1
"M'llvegue""",1
Breasts',1
Evans',1
Jean',1
Waught',1
'Annie,1
"O'Kane""",1
"M'Grady""",1
Tennant',1
Ports',1
Cope',1
Cumming',1
Dobbe',1
Bull'],1
Prenter',1
Gartred',1
Labels',1
"M'lntyre""",1
['Maister,1
'Luggage,1
Headings',1
Clubs',1
Howieson',1
'Dainty,1
'Quadrille,1
'Afton,1
Wemyss',1
Plainness'],1
Herrin',1
['Adkins,1
'Jun,1
Morris'],1
Please',1
'Blind,1
Gartmore,1
'Sweepers,1
GRAMMANDONI',1
'Madam,1
['Douce,1
Judgment',1
'Tis,1
"M'Manus""",1
Millennium',1
Kirkcraft'],1
"""Wm",1
FLANDERRAGO',1
Kerracher',1
Woods',1
Tindel',1
Doag',1
Shepherds,1
Sickens',1
Sowl'],1
['Gala,1
R,1
Speck'],1
Thornlie',1
['Sandy,1
Brlg',1
Dorn',1
['Nature,1
Camlachie'],1
Larg',1
'Margt,1
['Bad,1
-Rise'],1
Life',1
Tinlin'],1
Novel'],1
['Peggy,1
['Than,1
W—y',1
['Ranken,1
Shamrock',1
Keu',1
KIRKWOOD'],1
'Alabama,1
'Yin,1
Elden',1
Bravest',1
Pennicuick',1
'Thyrde,1
['Worldly,1
Lines'],1
ROY',1
['Medley,1
Shaw'],1
Notices'],1
'Pulpit,1
Forms',1
'Excise,1
'Wes,1
Current',1
'Thrang,1
'Prices,1
Deacon',1
Printer',1
['Job,1
W',1
Strings'],1
MURDOCK',1
Weather'],1
'Pedlar,1
['Sergent,1
Foyers,1
Doall'],1
Brennan',1
Helena',1
Canada',1
Brennan'],1
'Apron,1
Manks',1
'Myrtle,1
Groves',1
Road',1
'Norah,1
['Upper,1
'Deanston,1
Jamie,1
Leckie'],1
Peching',1
Cotton,1
Hae,1
Wha,1
House'],1
Body',1
Kay',1
['TO,1
THE'],1
'Kilkerran,1
Farm',1
['Glenton,1
Dixon'],1
Bessie',1
'Thirty,1
Pennecuik'],1
Toll'],1
'Square,1
Loves',1
['Nancy,1
'Sword,1
Swallowers',1
Andrew'],1
Oxen',1
'Dead,1
'Kerse,1
Scizzars',1
Pankie'],1
'Hunter,1
'Wooden,1
Beds',1
'Signor,1
"M'Google""",1
"[""Dugald",1
'Julius,1
Monyfeet'],1
Cesar'],1
Lauder',1
'Peggie,1
Bullhead'],1
'Bare,1
"M'lntosh""",1
Turnabout',1
['Gourdon,1
Lewie',1
Schoolhouse'],1
Boaras',1
'Cromies,1
Nettles',1
Gutbrie',1
Flock,1
Feast'],1
RUNCO'],1
Cunningham'],1
['Sixty,1
Dyer'],1
['Evan,1
['Wardrope,1
Prophet'],1
C.',1
'Twelve,1
'Elizebeth,1
Dozen',1
'Eight,1
Silver,1
Dunlop'],1
['English,1
C.,1
'Duniel,1
Being'],1
'Sower,1
Conner'],1
Ale'],1
Pewther',1
Trixie',1
'Hab,1
'Orange,1
Simphon',1
Jerkin',1
'Cracks,1
'Oaken,1
'Saint,1
Barchans,1
['Me,1
Doon'],1
Haenan',1
'Hae,1
Alone',1
'Archer,1
Keen',1
Tailor'],1
['Braid,1
['Jessie,1
Frae'],1
Bawsie',1
'Weel,1
Drumnaheath',1
Hill,1
'Acre,1
Cuddie'],1
Lutter',1
'Mell,1
Feld'],1
['Mallinger,1
Fair',1
Straik',1
Roy'],1
Berwick',1
Richardson'],1
Rest'],1
Aikman',1
'Closs,1
Cowgate'],1
Geils',1
Richard-',1
Park'],1
'Blue,1
Shall',1
'Waterton,1
'May,1
Griffin',1
Linklater',1
'Steven,1
Rutherford',1
Barry',1
'HENRY,1
ERSKINE'],1
Peggie'],1
"""Euphan",1
DICKSON',1
Canaan',1
['Roslin,1
Perils'],1
Scepter',1
Alaster',1
STEWART',1
Caledon',1
['Mill,1
Mar',1
['Strath,1
Charming'],1
['Habbie,1
Desperaudum',1
Nil,1
'Filippo,1
Testti',1
"""Charlos",1
'Club,1
Petrice',1
Barleycorn',1
Drysdale'],1
'Park,1
Kempt',1
"M'Calzeane""",1
Blades',1
Rattling,1
Militia,1
'Camlachie,1
Rule',1
Guthrie',1
Annie',1
'Christopher,1
Hutton',1
'Princes,1
Sister,1
Megg'],1
Scottish'],1
Lawries,1
Scots'],1
['W,1
Dog',1
['Mong,1
Scotlan'],1
Puppil',1
Britain'],1
'Counts,1
Crombie',1
'Baillie,1
'Lenox,1
Swine',1
'Ugley,1
George',1
'Bloody,1
Mackalaster',1
Pitcairns'],1
['Alaster,1
['Village,1
Wanton',1
'Wester,1
Pamphlets'],1
Mainses',1
Articles,1
'Miln,1
Came',1
Hugh,1
Boge',1
'Earl,1
Kaye',1
'Rin,1
['Six,1
Centuries',1
Sourkail',1
Harold',1
Villa',1
'Edgely,1
'Whaur,1
Ruin',1
Rodgor',1
Success',1
'Noble,1
'Immense,1
Race',1
Muldoon',1
PETTIGREW',1
Pour'],1
Loch'],1
'Kalaslie,1
['MR.,1
'Plaidie,1
State'],1
Turk'],1
'Rare,1
Assent',1
Beds'],1
'Pearled,1
Highland,1
['Sterling,1
Coin',1
Castles',1
['Silken,1
Pœbus'],1
['Ere,1
Ill'],1
'Forge,1
'Joy,1
Paper'],1
'Borrows,1
'Magnifick,1
Fishings',1
'Gledswood,1
['Larry,1
Highlander'],1
Banke'],1
['Peaties,1
Peatie'],1
'Loch,1
Turks',1
Fegan',1
['Christian,1
'Mount,1
'Fame,1
Caivary'],1
Reoch'],1
Art',1
Lyes'],1
'Gross,1
Names',1
'Stately,1
Works,1
Ballantyne',1
Royston',1
'Craig,1
Frasers',1
'Er,1
'Drink,1
Watter'],1
Dobbie',1
'Anld,1
Buchanan'],1
'Patricks,1
Sauts',1
'Breath,1
Delgeess',1
Put',1
"""Turk",1
"M'cleods""",1
['Agnes,1
Bauldy,1
Jack',1
['Blyth,1
Stiven',1
['Scotland,1
'Henrys,1
Jessie',1
'Jockie,1
'Oor,1
Winter',1
'Gloomy,1
Child',1
Mother'],1
'Glenlivet,1
Yarrow'],1
Tho',1
Port',1
Dool',1
Face',1
'Mansie,1
Wauch'],1
Davidson'],1
Cow',1
Reikie',1
'Beans,1
Oh,1
['Lundin,1
Adamsoforgery',1
Path,1
Deveron',1
Closs'],1
"""Jessie",1
'Abbey,1
Governour',1
'Nicol,1
Musker',1
Heatly',1
Raybould',1
'Bartholomew,1
'Smith,1
Poverty',1
Caddel',1
Widow,1
Gadesbey',1
Guts',1
"M'Ullan""",1
Drons',1
Havies,1
Farlune',1
MKay',1
Provosts'],1
Lisle,1
"M'Keohnie""",1
Ballade',1
"""Malcolm",1
Auncient,1
['Ane,1
Jenny'],1
'Dishelout,1
Happiest',1
Road,1
'Denis,1
'Jehn,1
"M'Feat""",1
Ste',1
Duffy',1
Templeton',1
Stenson'],1
'Bleeching,1
['Bleaching,1
['Bastard,1
Lyle',1
'Rabbie,1
Maxwell'],1
Marshal,1
Culprits',1
'Bishop,1
Fudrich',1
Murdoch'],1
Newal',1
Newalor,1
Carl',1
"M'Clure""]",1
Thompson'],1
'Carse,1
Mare',1
Murder'],1
"M'Donald""]",1
'Gray,1
Targ',1
'Snuff,1
"Pa'erson""",1
'City,1
'Mrss,1
Sempill',1
['Dick,1
Eastlingtoun',1
Hounds',1
Petrie'],1
East',1
Clough,1
'Wodden,1
['Flora,1
['Bailies,1
Wives'],1
Police',1
Turpin'],1
'Oyster,1
'Wretch,1
Tearlech',1
['Allan,1
Gilfillan'],1
['Bridget,1
Ennis',1
Pati',1
'Toag,1
King'],1
'Pray,1
Sibbald'],1
Hynman',1
'Margret,1
Leitch',1
['Hand,1
'Sheriff,1
Depute',1
Finnie',1
'Sootch,1
Skins',1
'Marjory,1
'Jonat,1
Grow',1
['Pitts,1
Lnng',1
Naismith',1
Anchor',1
Jeannie,1
Morison',1
['Throw,1
'Arahibald,1
Europe',1
Cat,1
'Necks,1
Franks'],1
Cowns',1
['Teir,1
Seat'],1
'Wearing,1
Apparel',1
Dogherty'],1
['Thomus,1
Conner',1
['Perth,1
Deans',1
'Aberdeen,1
Cæsar'],1
'Principal,1
Taylor'],1
Long',1
['Geordie,1
'Reference,1
Foyers',1
Island'],1
['Busy,1
Baken'],1
['Quiet,1
Zephyres',1
['Annie,1
'Letter,1
Prese,1
Printing'],1
Her'],1
['Letterpress,1
Printing',1
Dinah',1
Songs'],1
Lee'],1
['Brought,1
Ferry'],1
ED'],1
Cupid'],1
Orders'],1
['Lassie,1
['Gordon,1
'Betsy,1
['Chrlie,1
Mash'],1
['Diana,1
Kitty,1
'Curious,1
Jonny',1
Johny',1
Function',1
'Months,1
Age',1
'Through,1
Ghostly,1
Skill',1
Scabbard,1
Salted'],1
Algie',1
II',1
['Pious,1
SHARP',1
Sacred,1
'Draw,1
'Story,1
Him',1
'Passes,1
Given'],1
Maguire,1
Bathing,1
Glasgow',1
Pat,1
Gallant',1
Lucy,1
Gray,1
Dear',1
'Weak,1
Maria'],1
['Noo,1
['Jenie,1
My'],1
'Nil,1
"[""Who",1
Nan'],1
Ray'],1
Jim',1
Madam,1
Nature'],1
['Story,1
Tellers',1
'Clyde,1
Battle',1
Flood,1
['Jenny,1
Makree',1
Nettles,1
Singing',1
Rattle',1
'Use,1
Jenny,1
Nettle'],1
['Green,1
Balgay'],1
['Eileen,1
Alannah,1
Kathleen,1
Mavourneen,1
'Mother,1
Lawder'],1
Broon'],1
'Fine,1
Drappie',1
'Danger,1
Signal',1
'Causey,1
Stones'],1
Bit,1
Plan',1
'Danny,1
'Engine,1
Driver',1
['Luther,1
Mills',1
Big,1
Beigham'],1
['Jemima,1
['Bauldy,1
Strang'],1
['Mister,1
Pond'],1
Arcade'],1
['Balloon,1
Magaire,1
Tramp',1
'Dishclout,1
Knight,1
Templar'],1
Most',1
'Pedigree,1
Could',1
"M'Carell""",1
Torrance',1
Willie',1
Main',1
Joseph,1
"[""Alex",1
"M'Dermid""",1
Conacher',1
Mackechnie',1
"""JOHN",1
"M'DONALD""",1
Munningall',1
Gallaghen',1
"""C",1
Mourne',1
Devan',1
"[""Kenneth",1
Niven',1
"M'Queen""",1
Laidlaw',1
'Moss,1
Hadkin',1
Herbert,1
Rodgers',1
'Mara,1
.Gardner',1
Redpath',1
'Fisher,1
"M'Pherson""]",1
Liston',1
'Niel,1
'Melcom,1
McArthur',1
McLardy',1
Monnagall',1
Gallogher',1
Qnin',1
'Jn,1
McCaral',1
Ruthven',1
Humer',1
'Jonn,1
Foy',1
McKan',1
"""Grace",1
'Scott,1
Housebreaking',1
Steel',1
Weir'],1
Frazer'],1
['Josiah,1
Habakkuk'],1
['Rob,1
Counell',1
Lyon',1
Reach',1
Brotherston',1
'Angus,1
'Eric,1
['Switch,1
'Magerat,1
Grafs'],1
Archibald',1
McMillan',1
'Massrs,1
'Robertson,1
'Hamilton,1
"[""Mary",1
"M'Adam""",1
Montgomerie',1
Bridewell',1
Harvie',1
Barton',1
'Letita,1
Coventry',1
'Kerr,1
Hunter'],1
Plunket',1
Advocate',1
Calder',1
Stewert',1
Meadow',1
'Kenny,1
Steware'],1
['Glory,1
Shoots',1
Pope'],1
Ker',1
Williams',1
Gillon',1
Webster,1
"""Francis",1
"M'Mannus""",1
Lergnson',1
Renfrew',1
Coats',1
Lelper',1
Trail',1
'Aurther,1
'Wilham,1
Mcffat'],1
Hunter,1
Blair',1
Shepherd',1
Soldier'],1
Veitch',1
Veitch'],1
Adam,1
Breadalbane',1
'Breadalbane,1
Fencibles',1
Stuart',1
'Ilay,1
Ferrier',1
Lind',1
Frazer,1
['Halden,1
Killarney',1
'Jeannie,1
'Barrowfield,1
Tom,1
Kirsty',1
'Campsie,1
Oh',1
Call,1
Back',1
'Mourin,1
Shore,1
Girvan,1
Fair,1
Sta',1
['Long,1
Barney,1
Kate,1
Kearney',1
Green,1
Rose',1
'Gang,1
Paddy'],1
['Van,1
Dieman'],1
Shepherd'],1
['Pulka,1
Wulka',1
Oh'],1
'Ere,1
'Subscription,1
Sale'],1
['Lad,1
Gate'],1
['Castle,1
Alston'],1
Snell'],1
P.'],1
K',1
Peel'],1
['Infirmary,1
Courant'],1
Calderwood'],1
['Hill,1
Haldane',1
"[""Helen",1
"M'Dougall""",1
McDougall',1
FRAZER',1
Cannon'],1
Arnot',1
Medwyn',1
RATTRAY',1
C.'],1
['Despises,1
Man'],1
['Weekly,1
"[""Appear",1
Sins',1
Owner',1
Crawford,1
'Hundred,1
Beams'],1
Oliver'],1
Brarnnan'],1
'Edinburgh__Mrs,1
Humane'],1
Carroll',1
Duncan',1
Swift'],1
Stenhouse',1
Passengers',1
'Martin,1
'Ayr,1
Advertiser'],1
['Giles,1
Company'],1
['Basin,1
Calderhead',1
Atichison'],1
'Dunbar,1
['Board,1
Early'],1
['Coal,1
Gas',1
'FREDERICK,1
MORRIS'],1
Finhaven'],1
"""Duncan",1
"M'Innes""",1
'Kempock,1
"""Accordingly",1
['Marine,1
Goodlet',1
['Bob,1
Tay'],1
['Aberdeen,1
Ferry,1
Calamity'],1
Urie',1
"O'Donnell""",1
'Gilbert,1
Barr'],1
Dixon',1
'Twasat,1
Warren',1
Monro'],1
['Ason,1
Murphy'],1
Sligo',1
Liddal'],1
Ralph,1
Collier'],1
Success'],1
AYR',1
'Steam,1
Ayr',1
['Eleven,1
Soldiers',1
['Walter,1
['Harley,1
Walsingham'],1
['Neil,1
Dempster'],1
Bnrke',1
'Abergeldy,1
'Marry,1
Bessy,1
['Macpherson,1
Rab'],1
['Pride,1
Destructions'],1
Exquisite',1
SLINK'],1
Isa'],1
Fletcher'],1
Amy'],1
Lassie',1
Gown'],1
Hands',1
['Lizie,1
'Lizie,1
Bailiet',1
'Dennie,1
Thought',1
'Malt,1
Corn',1
'Man,1
Lover'],1
['Bright,1
Cynthia'],1
'Sole,1
'Caution,1
Kitty'],1
Jeanny',1
Jove',1
Bowling'],1
Order'],1
['Heart,1
['Nil,1
Jo',1
Tae,1
Blairgowrie',1
'P,1
Mahar'],1
Hab',1
Master,1
'Mesa,1
'Pallas,1
Bumm'],1
['Ple,1
Foot'],1
['Jockie,1
Smils'],1
['Glencoe,1
SCOTLAND',1
'Wholesale,1
Caledonian,1
'Massa,1
'Missa,1
Tongou',1
Samba,1
Monarch',1
Jeanies,1
Corps'],1
Crichton',1
['Heath,1
Flower'],1
['Gould,1
Ear',1
'Lanwart,1
Maggie',1
'Stuff,1
Tail',1
Bonniewallies'],1
"[""Margery",1
"M'Conegal""",1
'Bailies,1
Hare'],1
Devil'],1
'Margery,1
'Got,1
L5',1
['Next,1
HENRY',1
Post'],1
Port'],1
['Clyde,1
Canal'],1
Advertizer'],1
Marriott'],1
['Dead,1
Wilison'],1
'Cock,1
Image',1
Unkindness',1
['Nook,1
Fy',1
'Nineteen,1
Naysays'],1
['Should,1
Malice'],1
['Loves,1
Raptures'],1
Nimphs',1
'Black,1
Lovers',1
'Nancies,1
'Every,1
Fashoner',1
Night'],1
['Craudy,1
Maudy',1
'Gib,1
Glaiks',1
'Pakes,1
Go'],1
['Katie,1
Bain'],1
Susan',1
Sandstone'],1
['Well,1
Road'],1
Spinner',1
'Marriage,1
Whines',1
'Being,1
Askt',1
Ballantine',1
'Abbays,1
Bailzie',1
Memory'],1
Death'],1
['Popolar,1
Aplause'],1
'Mens,1
Compliments',1
Practise',1
Providence',1
'Hath,1
Heav',1
Sons'],1
['Momentainous,1
'Pride,1
Yet',1
Hearted,1
Gentleman'],1
Knave',1
'Sober,1
Liv',1
Upper',1
Lauther',1
'Small,1
Mackgie',1
'Musgrave,1
Bal',1
Hair'],1
Vails',1
'Cursed,1
Strength'],1
['Lang,1
Unken',1
Riddel',1
'Baits,1
Frae',1
'Castile,1
Soap',1
'Habbie,1
Symson',1
Verdu',1
['Gallant,1
Birth',1
Patience',1
'Extending,1
'Vertues,1
Vail'],1
['Valley,1
Hadarimmon',1
'Bloodie,1
Foe',1
'Deaths,1
Commission',1
Volumns'],1
Maces',1
Lauther,1
'True,1
Foot,1
['Nicol,1
Muschet',1
'Sees,1
Wrath'],1
['Doest,1
Power',1
Ruler'],1
Gaordie,1
More'],1
['Grimer,1
Postures',1
Wynd,1
Condemn',1
'Zjpporas,1
'Cut,1
Hary'],1
['Maitland,1
Watt'],1
['Seraphick,1
Hiegh'],1
['Bush,1
Expos',1
Tribute',1
Learning',1
'Gave,1
Knowledge'],1
Speech'],1
Her,1
Scotsmen',1
'Goose,1
Court',1
'Barbadoes,1
Coast',1
"""Contriv",1
'd,1
"BELHAVEN""]",1
['Nay,1
Crown'],1
'Bread,1
Poor,1
Facers',1
Gallon',1
Pye',1
['Crys,1
'Ages,1
Bairns'],1
['Rorie,1
Drawer',1
'Pudden,1
Pies',1
'Maggies,1
Pouch',1
Drinking',1
Kate',1
'Haff,1
Winking'],1
Darkness,1
'Cimmerian,1
Decreets',1
['Doctor,1
Manage'],1
['Silver,1
Bars',1
Name'],1
Great'],1
['Much,1
Earthly,1
Wealth'],1
['Femal,1
Hands'],1
GILLIES',1
Horne'],1
'Tempest,1
Piety',1
['Poetick,1
Breath',1
'Learned,1
MERRY'],1
['Hath,1
'Stamp,1
Divine'],1
'Stop,1
Passenger'],1
['Cause,1
Megg',1
'Surgeon,1
'Wisely,1
'Zealard,1
'Satin,1
Walls',1
Invitations'],1
Up'],1
['Nor,1
Holl',1
Mucshet',1
Love'],1
Perth',1
Influence'],1
['Resist,1
Deaths,1
Darts',1
'Rooms,1
'Father,1
Respect',1
'Warlick,1
Pios',1
['Sacred,1
Treasure',1
"""Dispens",1
'Sacred,1
Treasures',1
'Hackney,1
Hire',1
'Needy,1
"""Reprov",1
['Without,1
Lads',1
Gown',1
'Pointed,1
Will',1
Phœbus',1
'Mighty,1
Warr',1
Glor',1
'Beatiphick,1
Vision'],1
['Scotlands,1
Conductor',1
'Dread,1
Comet',1
Wain',1
'Kings,1
Self',1
Chase'],1
Desert',1
"""Admir",1
DUKE',1
Want',1
Doom',1
'Pen,1
Thy,1
Praise'],1
['Pierce,1
Adamantine,1
Ears',1
"""Bereav",1
Wisdom',1
'Chevy,1
'Save,1
'First,1
Brother,1
Curry'],1
['Mourn,1
'Mourn,1
Traitor'],1
'Wrought,1
Cures',1
Multitudes',1
GIBSON,1
Licented,1
School'],1
Nisbet',1
Fear'],1
Midwife',1
Baptist',1
'Wandered,1
Astray',1
'Gospel,1
Documents'],1
['Sic,1
News',1
'Dabbe,1
'Graceliss,1
Bairns',1
Dagleish',1
F',1
['Ardry,1
'Felni,1
['Cotton,1
Packy',1
Fitzgerald'],1
Farquhar',1
"""Fergeus",1
Maclaren',1
Galbraith',1
'Eliza,1
Hildyard',1
Calvert',1
Agnew,1
Yule',1
Dyer',1
Bryson',1
Fergusen',1
Henry',1
Gran',1
Hastie',1
'Autumn,1
Semple'],1
['False,1
Evidence'],1
['Murdoch,1
'Inverness,1
Courier',1
'Saxe,1
Meinenge',1
Sydney',1
'Colonel,1
—Histon',1
'Keily,1
Histon',1
Mullin',1
"M'Coll""",1
Davies'],1
Bertram',1
"M'Casker""",1
Connor',1
Cearns',1
Docharty'],1
Swinton',1
Dunsinan',1
"M'Kendrick""]",1
"M'Inally""",1
"M'Ilvain""",1
"M'Lachian""",1
Kiely',1
Wilkison',1
Livingston',1
Austen'],1
"""M",1
"'Pherson""",1
Macpherson'],1
['Matthew,1
'Jamaica,1
Aitken',1
"""Janet",1
"M'Kelvie""",1
Highet',1
Adolphus,1
'Adalphus,1
Fitzclarence'],1
'Humbly,1
Gelding',1
['Botany,1
Bay',1
Wm',1
KEAN',1
"M'Gonn""",1
"M'Arthur""]",1
H',1
Mr',1
KEAN'],1
['Twelve,1
Brown.—Brown',1
Sheweth',1
'Seven,1
['Ship,1
HOPE',1
'Close,1
LAWKMARKET'],1
Gentlemen'],1
Dongal',1
Plunkett',1
'Mort,1
"M'Kinlay""",1
Connar',1
Leonard,1
Donnachy'],1
'Eighteen,1
Struthers'],1
['Rebecca,1
Row',1
Hudson'],1
Alder'],1
ALEXANDER,1
'Five,1
Guineas,1
'Dark,1
Hair',1
'Roman,1
Nose'],1
Penman',1
Tureff',1
'Herriot,1
Circus',1
'Bernard,1
'Stock,1
WATSON',1
Thom'],1
Hendrie',1
'Kent,1
Streets',1
'Alpine,1
Stirrat',1
'Barney,1
"M'Niven""",1
Doughtie',1
Cairnie',1
"""Daniel",1
Farmer',1
"""Catharine",1
Counterfits',1
Hope'],1
['Quærelas,1
Doolful,1
Echos,1
Syne',1
Martial,1
Spirits',1
Ajax',1
'Purple,1
Gore',1
'Shadows,1
Empty,1
Chiesly',1
Bracelets'],1
Destany',1
'Pope,1
Joan'],1
Stuart,1
Bothwick'],1
Clod',1
Clod'],1
Gardon',1
Kenyon',1
Fairman'],1
['Fife,1
Easton'],1
'Honouroble,1
Glorious',1
Charles,1
Rood',1
'Amry,1
Sneck',1
'Hocus,1
Pocas'],1
KENNEDY',1
"[""Fear",1
'Souter,1
Dogs'],1
['Christopher,1
North'],1
Willy',1
'Haly,1
Knows',1
"[""Lov",1
Bald'],1
['Peruse,1
Thy',1
'Ladie,1
Ann',1
Parson',1
Beg',1
Redbreast'],1
['Hab,1
Backs',1
'Barheugh,1
Withoutten'],1
Pagan',1
Maitland,1
Micklewell',1
Knock-Hal'],1
Stealing,1
Rogue'],1
['Heather,1
Jeck',1
'Eppie,1
Baxter'],1
['Epple,1
'Botany,1
Bay'],1
['Golden,1
Laces',1
'Gilt,1
['Tony,1
Leather',1
Aston',1
'Flock,1
Throw'],1
'DANIEL,1
'Rottenrow,1
Nielson',1
Lawrence,1
Tennant'],1
Comb',1
'Luke,1
Macbride',1
Burnett',1
['Child,1
Curry',1
Dalyell,1
'Isaac,1
Bart',1
"M'Ritchie""",1
Boswell'],1
'Balmutto,1
Douglass',1
Balmutto',1
Macrae'],1
SHERRY'],1
Ormerod',1
Chambers',1
Haworth',1
Lomax',1
Hindle',1
'Attens,1
Aspden',1
'Alext,1
Norris',1
Hidle',1
Eatwisle',1
Yates',1
Cunliffe',1
Cockerill',1
Ingham',1
Ashworth'],1
['Theres,1
Tony',1
Treeble',1
'Mardon,1
Brig',1
Dancing'],1
Catton'],1
Bull',1
['Billy,1
Pattison'],1
['Invoica,1
Tops'],1
Belgium,1
Stranger',1
'Me,1
Stirrup',1
'Pimlico,1
Refrain',1
'St.,1
'Swanee,1
Ribber'],1
J.,1
HENSHALL',1
CAMPBELL'],1
['Did,1
Uncle,1
Tom'],1
'Call,1
Montenegro,1
['Burgundy,1
Succours',1
Anson',1
Spend-all',1
Victoria'],1
T.,1
['Mick,1
'Julias,1
'Fizzie,1
"""Bridget",1
"O'Flannagan""",1
'Pipeclay,1
Dusting,1
Depo'],1
Service',1
Ghost',1
['Sin,1
Horse'],1
Sarah',1
'Sovereign,1
Lady',1
'Cuntrys,1
Cause',1
Ganias',1
Caldwals',1
'Stephen,1
Harries',1
Winters,1
Hosler'],1
Wine'],1
CAMERON'],1
Mathieson',1
Kings'],1
Band',1
Whig,1
'Fought,1
'Guns,1
Cub'],1
Loyal,1
Hearts',1
'Soveraign,1
Majestie',1
Valour',1
'Puts,1
'Altar,1
['Ned,1
Coal',1
'Chariot,1
Wheel'],1
['Object,1
Tyber',1
'Thoughts,1
Sublime',1
'Angelick,1
Quire',1
'Angry,1
Billows',1
Fourteen'],1
['Foe,1
['Civic,1
'Flags,1
Rulers',1
'Council,1
Outsole',1
Ran',1
Lift',1
Paste',1
Heelball'],1
Heralds',1
'Robes,1
'Marshal,1
'Music,1
Half',1
Geordie'],1
'Knights,1
Flags',1
'Niddry,1
['Trades,1
Colours',1
'Arch,1
Rod'],1
Louden,1
Folks',1
'Jennie,1
Elegie'],1
July'],1
Darling'],1
'Gif,1
Bruce,1
Mackay',1
'Reuben,1
Reynolds',1
'Execute,1
Crags',1
Bulman,1
Livery',1
Cuningham',1
'Kenneth,1
Crosbie'],1
'Stenhouse,1
Miss',1
Germany,1
Harriet,1
Don',1
Douglas,1
Helen,1
'Dickson,1
Dickson,1
Hon,1
Keith,1
Erskine,1
Commodore,1
Elliot,1
Besrie'],1
'Newton,1
Gee,1
Team'],1
Dowie'],1
'Finlay,1
Lown,1
Carle',1
'Lown,1
Carle'],1
Nickum'],1
Red,1
Breast'],1
['Vinegar,1
'Asylum,1
Lads'],1
Turnbull'],1
['Frederickt,1
Eales',1
Spring',1
Reynolds'],1
['Scotch,1
Wellington',1
Barclay'],1
['Petty,1
Chapmen'],1
Second'],1
Rebertson'],1
Gauden,1
Gascoigne',1
['Katty,1
['Whan,1
['Targin,1
Tallyo'],1
Colin'],1
'Rosaline,1
Forty,1
Ago,1
Countryman',1
Hookey,1
Walker,1
Phaudrig',1
'Bublin,1
CALEDON',1
['Maggie,1
CALEDONIA',1
Bruce'],1
['Kitty,1
Old,1
Jeff'],1
['Overgte,1
Dundee',1
'Grahame,1
Ellen'],1
['Little,1
Dunkeld'],1
['Joe,1
Calton'],1
'Hadinton,1
'Selkirk,1
Eleonora,1
'Ninewells,1
'Haggart,1
J,1
'Lambert,1
'Nisbet,1
'Dinlabyre,1
P,1
Mrs',1
'Lamerton,1
Reid,1
Countess',1
['Street,1
'Gala,1
Scott,1
'Todd,1
Puzzlewit',1
Sonnets',1
Courier'],1
Foster'],1
Tam',1
Havelock'],1
Patriot,1
'Bless,1
'Anno,1
Dem'],1
'Grove,1
Lidel',1
['Dugald,1
"""Kenneth",1
Chisholm',1
Grotto'],1
['Loyal,1
Piece',1
'Whether,1
Jimmy'],1
'Rash,1
Youth',1
Duncan,1
'Moon,1
Maitland'],1
'Master,1
['AGONY,1
BILL',1
'Negro,1
Melodist'],1
['Angel,1
Gabriel'],1
Command',1
'Put,1
Prælacie',1
'Majesty,1
Hoar'],1
Badger',1
'Peoples,1
Freer',1
Pirnie',1
'Michalel,1
Pirnie'],1
Tutton',1
Titton',1
Forbes,1
Drummond'],1
STUART',1
Pounds',1
'Falkirk,1
Tryst',1
'Provest,1
Melbourne'],1
Staig'],1
DORMAND'],1
Bremner',1
Farquhar'],1
Surrege',1
Beck',1
'Malachi,1
Clinton',1
V.',1
['Fergus,1
Ferguson'],1
Bleed'],1
Trumpeter',1
"[""Enhanc",1
Flint'],1
['Sorrals,1
American Samoa,1
Antient',1
Hedge',1
Reprinted'],1
['Singular,1
Circumstsnce,1
Which',1
BROWN'],1
Thourburn',1
Inglis'],1
Monteith',1
Schismaticks'],1
Clerk,1
['Blind,1
Guides',1
'Faithful,1
Witness'],1
Richard,1
Bernard',1
['Nichol,1
Lithog'],1
['Exit,1
TAMMY—overturning'],1
Prop'],1
'Begone,1
'Twenty,1
Mustyes',1
Thousand',1
Catch'],1
Prelacy',1
'Rullion,1
'Hallow,1
Fair'],1
['St.,1
Peter'],1
['Religions,1
Dawes',1
'Spruce,1
'Geneva,1
Confusion',1
Fryars',1
'Walnut,1
Tribes',1
Obadiah'],1
['College,1
Chapel',1
'Stick,1
Tam'],1
['Honest,1
"""Consin",1
Swallow',1
Yule'],1
"M'Lean""]",1
"""Donald",1
['Fourty,1
Sat,1
['Sticked,1
Duke,1
Hamiltoun'],1
Chamberlain'],1
['Cramond,1
['Fair,1
'Nathaniel,1
Shie',1
Gilbert,1
Menzies',1
'Hard,1
Englend'],1
'Pash,1
Sadel',1
'Billy,1
'Set,1
Wieans'],1
Coul',1
"M'Arthur""",1
"""Mr.",1
"M'Grigor""",1
McLaren',1
['Bishop,1
['Holyrood,1
Purdy',1
['Nelson,1
'Implous,1
"""Advanc",1
'Rival,1
France'],1
Tenor',1
'Doth,1
Describe',1
'Self,1
'Absolute,1
Supremacy',1
'Sometimes,1
Fools',1
Laws'],1
'Geordy,1
Conquer',1
'Hogen,1
Mogon',1
'Valiant,1
Wives',1
Teviots',1
Fellows',1
Wassace',1
'Hug,1
Yards',1
Lairds',1
['Ramsay,1
Ingles',1
From'],1
Barnett',1
M'Ewan,1
"3""",1
'Thomos,1
Riddel,1
Weare',1
Probert',1
Crawley',1
Brown.23',1
Thompson',1
'Jacob,1
'Wilfred,1
Powell',1
Stirling',1
Palmer',1
Turpin',1
Sargeant',1
David,1
Meredith',1
Hunt'],1
['Near,1
Temple,1
Bar',1
['Alls,1
Tavern',1
Eewis,1
['Sergeant,1
McLean'],1
Dunsmore',1
Syme'],1
Riddle',1
'Silver,1
Plate',1
Fram',1
'Langside,1
Brae',1
Linn',1
Linn'],1
'Back,1
Stairs',1
Tucker'],1
['RICHARD,1
BROXUP'],1
MILL'],1
Pott',1
Fast'],1
Fisher',1
['Beil,1
McMenemy',1
Lochhead'],1
Craig'],1
Wylle',1
Johnny,1
Dowie',1
Article'],1
Whitelaw',1
Hincy',1
Rylahan',1
'Christion,1
Donochie',1
Graliam',1
Pollock',1
Anderrson',1
Develen',1
'Watson,1
Osborne',1
Cook',1
Mason',1
Lucy',1
Curran',1
"O'Brien""",1
Cairns',1
Speedy',1
Christina,1
Margaret',1
Caffery',1
Crae',1
"M'Phee""",1
Arrol',1
Fahey',1
'Humphry,1
['Cornelius,1
"[""Alexander",1
Munro',1
['Ana,1
Renny'],1
Hermand'],1
Adams'],1
"[""Daniel",1
Allardice',1
Barclay',1
Whyte',1
Dynan',1
Pattison',1
Chandler',1
Nellis',1
Dougherty'],1
Paton',1
"M'Curdie""",1
Rachel,1
Herbert',1
'Monday___Miss,1
Herbert'],1
Tod',1
Glenn,1
Guilty'],1
Helm',1
['Found,1
Samuel,1
Orrill,1
Warden'],1
Mathewson',1
Kirkpatrick',1
Gaze',1
'—Robert,1
'Ceorge,1
"""Murdoch",1
"M'Rae""]",1
Macfarlane',1
"M'comb""]",1
'Upper,1
Cassock',1
Brock-',1
Mackinzie'],1
"M'Ewen""",1
Berrie',1
Wm'],1
Pentland'],1
'Wynd,1
'Ducan,1
['Rober,1
Frank',1
Inglis',1
Dudgeon',1
Dunbar',1
Greig',1
Doghety'],1
"[""Charles",1
Sproull',1
Donnelly',1
"M'Innally""",1
Masshall',1
Rowan',1
Huskisson',1
['Howard,1
Place'],1
"M'CIure""",1
Moorhead',1
Calinan',1
'Galbraith,1
Ballingall'],1
"""Jane",1
Dow',1
"M'William""",1
'Main,1
'Jhon,1
Mackenzie',1
F.,1
Stoddart',1
"""St",1
"Michael'.""",1
"M'Toague""",1
Peterkin'],1
Kenny',1
Nicol',1
Ninian'],1
Johnnie',1
Turkish',1
'Fierce,1
Donald,1
Rose'],1
['Handbills,1
Flora',1
'Pretty,1
['Camlachie,1
Militia'],1
['Four,1
Golden,1
Columns',1
'Hallay,1
'Sebastopol,1
Bacche'],1
Buildings',1
Acres',1
BOYLE',1
"M'Wheelan""]",1
Mickel',1
AGNEW',1
MURRAY',1
Connar'],1
['ROBERT,1
'Wallace,1
Pipe'],1
Inns',1
'Port,1
England'],1
Brithel',1
Gordie',1
Swore',1
'Meikle,1
Mon'],1
Lake'],1
Holland'],1
Perry',1
'Baker,1
Jockie'],1
Rodney',1
Reglan',1
Handkerchiefs',1
Hlbernia'],1
['Within,1
Siberis'],1
['Garry,1
Owen',1
Run'],1
Seventeen',1
['Julius,1
'Never,1
Surrender'],1
['Alma,1
Bowman',1
Eglinton',1
'College,1
Gibson,1
"""Dorothy",1
'Archd,1
Buchanan,1
"""Allan",1
"A'Aulay""",1
'Andrews,1
Church',1
'Gavan,1
Arbackle',1
'Gavin,1
Brachim,1
Schoolmaster'],1
"""Mary",1
Shires',1
Dron',1
Millar'],1
"M'Mahon""",1
'Solomon,1
Dudhope'],1
'Guinea,1
Note',1
'Ebenezer,1
Eadie',1
Brownlie',1
Ure',1
Devlin',1
Daily',1
Cox',1
Paton'],1
Buckley',1
Kechni',1
Jarvis',1
Latham',1
Cubie',1
Tochil',1
'Isaiah,1
Saunders',1
Haddow',1
Armour',1
Barcley',1
'Dowhill,1
Kennedy,1
Boatson',1
Armadale',1
Kirkwood',1
Dornan',1
"""Christian",1
Whiteside',1
Kean',1
Vanderburgh',1
"""Elizabeth",1
"M'Lain""",1
Suttle',1
Biggar'],1
Moffat'],1
Montelth',1
'Saviour,1
Jesus,1
"M'Dougall""]",1
'Van,1
Dieman',1
"""Gilbert",1
Bruce',1
CLELLAND'],1
Knnpp',1
Dickie'],1
Arnott',1
Cullen',1
['Dragoon,1
Sandford',1
Laird',1
'Muir,1
Grandberry,1
'Andsew,1
Treason',1
"M'Culloch""",1
'Jeffrey,1
['Water,1
Jenny',1
"""Blarney",1
Guards',1
Baird'],1
['Trumpet,1
Hermanb',1
Alex',1
'Shaw,1
['Steeny,1
Sly',1
Royal,1
Mail',1
Spinnet',1
Ricardo',1
Squeezer',1
Hume',1
Caines',1
.Lestar',1
['Forget,1
Lestar',1
Glacken',1
"M'Phail""",1
Sparrow',1
Brisbane',1
Bain',1
'Margeret,1
Polin',1
['Shireff,1
"""Mrs",1
"Millan""",1
"M'Shane""]",1
Voice',1
Divan'],1
Till',1
Burn',1
Ou'],1
['Oor,1
"""Tarn",1
"M'Bride""]",1
Mungo'],1
Nepple'],1
"[""Eas",1
'Barbarous,1
Caitiffs',1
'Swagger,1
'Fairest,1
['Dominie,1
Floromello',1
'Heaven,1
Bless',1
['Duag,1
Willie'],1
Wi'],1
['Boat,1
'Nor,1
Rigitness'],1
Borean',1
Reikie'],1
['London,1
Bennitt'],1
Prentice,1
Rocks',1
Boys',1
'Bra,1
Cloaths',1
Porter'],1
Docherty'],1
['Blue,1
Ruin'],1
Sailing',1
Beggar'],1
['Hatton,1
Woods,1
'Strathblane,1
['Grim,1
Tinker'],1
Liquor',1
['Shillings,1
Sterling'],1
Bo'],1
Penery',1
'Lower,1
Exchange,1
Dublin'],1
Spenoer'],1
['Five,1
Patison',1
Colcleugh',1
Duff',1
'Roy,1
Nelson',1
'Diederih,1
Altmann,1
Greenock',1
Heatherington',1
Kirkland',1
Mulholland',1
Galbraith'],1
"M'Nee""",1
'Quinten,1
'Campbell,1
"M'Creevie""",1
Sym',1
Turhbull',1
"M'Neill""",1
Gallaghan',1
Rice',1
"""Edward",1
"M'Caffer""",1
Gemmil',1
Curr',1
CAMpbell',1
Lawrence',1
'ANDREW,1
Livingsten',1
Fatlane'],1
Simm',1
['Elizabeth,1
Boyles',1
Company',1
'Davidson,1
Nicoll'],1
'Adam,1
['Candid,1
Truth',1
Counterfeit',1
Merrilees'],1
Howat',1
Cockburn'],1
Dingwall',1
Cleland',1
Benton'],1
'Nicholson,1
Munoch',1
'Almighy,1
['Anne,1
Marie'],1
Hullock',1
"M'Calloch""",1
'Benjamen,1
Murchy',1
Johnston_',1
PEEBLES',1
DICK',1
Carfrae',1
Gruar'],1
'Jahn,1
Hamilton,1
Honyman,1
Dundass',1
"""Agaes",1
"M'Kerchric""",1
Calder'],1
'Pepper,1
['Boiling,1
Hot'],1
Madie'],1
'MR.,1
'Edinnburgh,1
Irvine,1
Gordons,1
Lawful,1
Sons',1
Irving',1
Robert',1
Ministers',1
Neill,1
Mackvicker',1
Aitchison',1
Waldie',1
Plaoket',1
Skirvin.',1
Peterson',1
Criminals',1
RICHARD,1
CAMOPBELL',1
Millan,1
Jhon',1
Mumro',1
KING'],1
WILSON',1
Haggarson',1
Downie',1
Wardrop',1
Donnechie',1
Roney',1
Hastic',1
"M'Inanlly""",1
Spruell',1
Brownlee',1
Hutchison',1
"""Lawrence",1
"M'Dermaid""",1
"""Doneld",1
'Princcs,1
Strect'],1
['Gilmerton,1
['Daily,1
Labour',1
'Wine,1
'Christ,1
'Calestial,1
City'],1
['Marjory,1
Smith,1
'Unclean,1
'Maysie,1
Mercy',1
Wehster'],1
Russel',1
'Inner,1
Turn-key'],1
Jesus',1
['Person,1
Magdalene',1
Williamson'],1
['Spare,1
'Brew,1
'Fair,1
'Declare,1
Grasp',1
'Volunteer,1
Sir'],1
['Say,1
Dead',1
Should',1
Bready'],1
Which'],1
Samuel'],1
Salvation',1
Guiltiness',1
Horner',1
'Elison,1
Mitchill',1
Blyth',1
Gibson'],1
['DAvid,1
Heart,1
Prayed',1
Sentence'],1
Chalmers',1
Warriner',1
HENDERSON'],1
['Idle,1
C',1
'Laggs,1
'Purged,1
Excessively',1
'Reidin,1
Bells,1
Parents',1
Days'],1
Robert'],1
'Pardon,1
London',1
Kent',1
"""Lov",1
['Bussie,1
Bodies'],1
Dernwentwater'],1
['Holy,1
Reflections'],1
Ainslie',1
Heart',1
Sufferers',1
'Sie,1
Subscribitur'],1
['Noble,1
'Except,1
'G,1
Lerrain',1
Lorraign',1
'Cookand,1
Collier',1
Perkius'],1
['Rightful,1
Soveraign'],1
Cope'],1
Dials',1
Highland'],1
Drummond,1
D'],1
Price',1
"""Unless",1
Seede',1
"'t""]",1
['Window,1
Labels'],1
Arthur',1
'Taylor,1
Fate'],1
['Deuste,1
Box',1
'Mukle,1
Blawste',1
'Cogue,1
'Lang,1
['Norman,1
'Grunt,1
Mon',1
'Bonee,1
Lodds'],1
Bellona'],1
['Never,1
'Rebells,1
Shall'],1
['Johnnie,1
Cone',1
Inniskillen'],1
YOUNG'],1
'Bethia,1
'Prestwick,1
['Husbands,1
['Grivous,1
Crueltie',1
'Eternal,1
Currie',1
'Shammy,1
Gloves',1
'Mony,1
Thanks'],1
'Which,1
Vice'],1
'Brake,1
Brother',1
'Nansie,1
Foggets'],1
THOMAS',1
Thomas',1
Cunninghame'],1
Perrie',1
'Gracia,1
Rex,1
Scotorum'],1
Kewley',1
'Ayre,1
Sheading',1
Crukshanks'],1
Cloathed',1
Aitcheson',1
'Dict,1
Crute',1
Gay'],1
Murphy',1
Lauder'],1
Boots',1
'Enster,1
Easter',1
Pickthank',1
'Joannes,1
Moravius,1
Bublicus',1
Thom',1
['Bed,1
Pickthank,1
Witless',1
'Fiar,1
Fuckdock',1
'Symen,1
Sidebags'],1
Marriage'],1
"""Isabel",1
"M'nab""]",1
['Yet,1
Young'],1
Kinrade'],1
Johnston'],1
Govan',1
Cordey'],1
Majesty',1
['Hainous,1
Act'],1
AUDOUIN'],1
'Katharine,1
Home',1
LORD'],1
['Anderson,1
Coachman',1
Macdonald',1
'Hands,1
['Edward,1
"M'Craw""",1
Marcus,1
Despard',1
Broughton',1
Newman',1
Printed'],1
['Chelsea,1
College',1
Jailor'],1
Tolbooth'],1
Wothespoon',1
'Little,1
'Divine,1
"[""Donald",1
'Ochiltree,1
Vint'],1
Sacrament'],1
Burke,1
Abigail,1
Dickson'],1
GALBRAITH'],1
Hutchie',1
'Horrid,1
Crime',1
Vdlldnce',1
'Stories,1
Janet,1
Laws,1
Stealing'],1
Haunan',1
Fl.ckhart'],1
['Begotten,1
'Brother,1
Matheson'],1
Neeks',1
Spouse',1
'Leads,1
Let'],1
Stephenson'],1
['Horse,1
Lord,1
Lovat',1
Lewis,1
'Macallum,1
Noddin',1
Dang',1
'Gae,1
Doun',1
Bark',1
'Danty,1
Down',1
'Bonny,1
Meg'],1
'Dugald,1
Dhu',1
Mhor',1
Wastle',1
"""Aweel",1
'Bowl,1
Aboot',1
'Fat,1
Actor'],1
['Ethert,1
Curl',1
'Take,1
Care',1
'Ned,1
Curle',1
'Nid,1
Dolly',1
Raw'],1
COTS',1
Samuel',1
Score',1
'Leep,1
Year',1
'Wind,1
['Crupper,1
['Thus,1
Vice',1
'Labour,1
'Bumbees,1
Faults'],1
'Horn,1
'Nix,1
Sooner',1
ENGLISH,1
Bards',1
'Leave,1
RAMSAY'],1
Drummend'],1
['Tam,1
'Bessie,1
'Heather,1
Joek',1
'Lonnie,1
Parnassus'],1
Mulligan',1
Nairn',1
Dairy,1
Trials'],1
['Mattie,1
Broon',1
'Tam,1
Gibb'],1
Ball',1
Howth',1
Watch'],1
['Maud,1
Married'],1
['Gowrie,1
CHORUS'],1
Delacour'],1
NEW'],1
['Respectit,1
Freen'],1
['Dirty,1
'Hungkee,1
Monkee',1
'Tuzzee,1
Mnzzee'],1
['Town,1
Clerk'],1
Fortune'],1
['Jury,1
Horace'],1
Hooligan',1
'Olimpick,1
Hooligan'],1
['Harper,1
Twelvitrees'],1
['Iron,1
Barge',1
'Billows,1
Ride',1
'Born,1
'Are,1
Fat',1
Dalglesh',1
Game',1
Works',1
'Do,1
Skulk',1
'Finny,1
Fry'],1
['Strathmore,1
Kinghorn',1
'Knight,1
Rebels',1
'Mistris,1
Fox'],1
['Smiddy,1
'Cuddie,1
['Velvet,1
Peas'],1
['Norah,1
Mavourneen',1
Mavoureen'],1
"""Captain",1
"M'Nealy""",1
Neil,1
['Nell,1
Flaherty',1
'Nell,1
Flaharty',1
"""Feter",1
"M'Cabe""]",1
"[""Pat",1
['Kathleen,1
'Pat,1
Hamilton—I',1
['Spain,1
Though',1
'Paddy,1
Whack',1
'Lovely,1
Erin'],1
['Wholsale,1
['Dolly,1
Daisy,1
Movourneen',1
Famious'],1
['Likewise,1
['Hard,1
'Ludovick,1
'Ronald,1
'Evan,1
MacPherson',1
'Lawrence,1
Oliphant',1
'Lauchlan,1
MacIntosh,1
MacLeod',1
Lumsdale',1
Fidler'],1
'Wretched,1
['Trinty,1
Huntly',1
Meola',1
['Crying,1
Cockles',1
'Melly,1
Molone'],1
Biddy'],1
Air',1
Irish,1
English,1
Scotchmen'],1
'Molly,1
Astore,1
'Gilmorehill,1
Sweeps',1
['Loe,1
Suilig',1
'Donnell,1
Aboo'],1
['Mother,1
Clifton',1
Broadside',1
'Johnny,1
Ironside'],1
['Reform,1
Patrick',1
Nicebit',1
Quaker',1
"""Barney",1
"O'Whack""",1
Bonnar'],1
['Down,1
Patrick'],1
Henry,1
Parnell',1
Sparrow'],1
['Heaven,1
Braid',1
Jewell'],1
'Church,1
Catherine'],1
Hugh',1
['Red,1
'Gallantpoacher,1
Raven,1
Haill'],1
"M'lntosh""]",1
'Rid,1
Rosie,1
Cheeks',1
'None,1
Abroad',1
'Berutiful,1
Castleblaney'],1
Just',1
Pharoah',1
'Judas,1
Maccebus',1
Lan'],1
Britunnia',1
Kelly'],1
'Noo,1
Rab',1
['Begone,1
Dull,1
Care'],1
'Deam,1
Caps',1
Tales',1
IV'],1
'Chancellor,1
Brougham'],1
['Walmer,1
'Glensinlas,1
'Shopmen,1
Plumbers',1
Sweepers',1
Cutters',1
'Ditto,1
Mover'],1
Marsden'],1
['Tory,1
LogyScott'],1
Ladies'],1
['Primo,1
Buffo'],1
['Citizen,1
DUPONT'],1
['Jeweller,1
Polling,1
'Architect,1
Spirtal',1
Carnegie,1
Wine',1
Byron',1
'Pillorie,1
Newton',1
['Turn,1
Laureate',1
'So,1
Parliaments',1
"""Tory",1
"'gree""]",1
Althorpe',1
'Tory,1
['Jack,1
Tar',1
Nicholson'],1
['Frank,1
Traytors'],1
Huzza',1
Squadrons',1
May,1
Edifie'],1
Wife,1
['Albanian,1
Animal',1
Beastly,1
Book'],1
['Bardish,1
Inspiration',1
'Mobb,1
'Ironmooger,1
Howden',1
Carroll,1
Eustace',1
Kennel'],1
'Logan,1
Princess,1
Royal'],1
Camelier'],1
'Robot,1
Strachan'],1
['Ninteen,1
Mathias,1
Garribrae,1
Commander',1
Ousley',1
"""Banter",1
Neale'],1
['Makes,1
Merchant,1
Ships,1
Trade',1
'Africk,1
Annandale',1
'Scottish,1
Corder'],1
['Smith,1
Macfarlane'],1
['Riccarton,1
Pass',1
'Waterloo,1
'Created,1
Wardlaw',1
Albany'],1
'Bothwel,1
Pride',1
'Memory,1
Stink',1
D',1
'Proceeds,1
Mas'],1
Learmonth',1
Ist',1
E.',1
'Blunder,1
Sinclair,1
Bishop'],1
['First,1
Rapid',1
'Ancient,1
Burgh'],1
JOHN'],1
['Penna,1
Pennae',1
['Was,1
Cant',1
['Poet,1
Honors',1
Wight',1
Sally,1
Judge',1
'Luckie,1
Spence'],1
['Lottery,1
['Splendid,1
Establishment'],1
Dark',1
'Soul,1
Tryed'],1
Nell,1
Mally,1
Mackiver',1
'Lest,1
Macksun',1
Gall',1
['Gain,1
Swear',1
'Brandie,1
Possits'],1
['God,1
['Johann,1
Southcott',1
['Ignatius,1
Brood',1
Consciencc,1
Ranty',1
Wallace,1
Fife'],1
Toll-bar',1
Eaton',1
Burtnay',1
Alex'],1
'Jemes,1
Newlands',1
Medwyn'],1
S.'],1
Commisioners',1
Hosie'],1
Storrier',1
Mercury'],1
'Taunty,1
Ligget'],1
Wemon',1
Luckie',1
Lucky'],1
['Shanker,1
'Pund,1
Scots,1
'Vild,1
Hangy',1
'Ilk,1
Pleasure',1
Plots',1
Joy'],1
['Adam,1
Hog',1
Reformer',1
Tail'],1
['Piper,1
BOGHOUSE'],1
Drake',1
Heriot',1
Leonards'],1
['Earl,1
'Reform,1
['Lauder,1
DICK'],1
'Enniskillen,1
'Lauder,1
Dragoons'],1
Principle'],1
Usurers',1
'Might,1
Hoords',1
Power'],1
Gards',1
Mens,1
Blood',1
'Carbredus,1
Claudius',1
['Staunch,1
Lochiel'],1
'Oh,1
Buccleuch',1
Abercrombie',1
['Noisie,1
Froth',1
'Thus,1
Thames',1
Tammas,1
Lauder,1
Dick'],1
['Sonsie,1
Union,1
'See,1
Thomas'],1
['Bully,1
Stnt',1
'Caledon,1
'Clique,1
'Johu,1
Learmonth'],1
James'],1
['Aytoun,1
Weel'],1
Giles'],1
['Shall,1
Combany',1
Roman,1
['Law,1
['Sarah,1
Fardingales',1
'Publick,1
Invitation',1
'Nis,1
Wisdom'],1
Scotland,1
'Cold,1
Water'],1
Cocky'],1
['Lowland,1
Caroline'],1
Magee',1
Emitted',1
Murther'],1
"[""Madge",1
"M'Kell""",1
Score'],1
Highlandmen',1
'Married,1
['Mungo,1
Blne',1
'Jock,1
Jabos',1
Laid',1
'Naked,1
'Placards,1
Watty',1
['Paramandelang,1
'Simple,1
Slap'],1
Crow,1
Or,1
Father,1
'Prince,1
Albert',1
Warehouse'],1
Briden',1
Com',1
Barrie'],1
Rattskiammum',1
Wiljon'],1
'Li,1
Laokum'],1
['Lauchland,1
Mackintosh'],1
['Isobel,1
"""Maggy",1
Maggy',1
Piitols,1
Charg',1
Cromie',1
Sanny,1
I—and',1
'Bessy,1
Catholic,1
G.',1
['Dramatis,1
Personæ',1
'Charlotte,1
Amelia,1
Caroline,1
Augusta,1
Clara,1
Georgina'],1
['Dusky,1
Shads',1
['Lawranse,1
'X,1
Whores',1
Y'],1
F'],1
Bird',1
'Sixty,1
Guineas',1
Harrison',1
Davis',1
Frazier',1
Hob',1
'Petter,1
Lang'],1
Sex'],1
['Shamout,1
Pigs',1
['Dandy,1
'Poudred,1
Porck',1
'Magie,1
Hepburne'],1
['Mclntosh,1
Pirnter'],1
['Rich,1
Cakes',1
'Wifea,1
Gossoping'],1
['Church,1
Husband',1
Sun'],1
Mill,1
Stream'],1
Carnagie'],1
['Torn,1
Clothes',1
Barley-corn'],1
WEEMS',1
'Ampsfield,1
Choise',1
'Show,1
Seed'],1
Jeremiah',1
'Macgaret,1
Account',1
Office',1
Godan',1
McBean'],1
'Further,1
Particulars'],1
BROWN',1
'Carlisle,1
'Lime,1
Wood'],1
['See,1
LONG'],1
['Observer,1
Leven'],1
Broadly',1
Months'],1
['Epsom,1
Salts',1
Otto',1
Banks',1
"""Ann",1
"M'Gregor""",1
"[""Janet",1
"M'Lauchlane""]",1
Cray',1
Hodge'],1
'Alexr,1
Morrin',1
['Faithful,1
Paddie'],1
Priest',1
Dandy',1
Moran',1
Carroll'],1
Sideserf',1
Porteous'],1
'Archidald,1
['Mount,1
Lebanon'],1
['WILLIAM,1
PEDDIE',1
['Drs,1
DOBIE',1
Penny'],1
['Stephen,1
Sullivan',1
Scanlan'],1
Mitchell'],1
Henderson'],1
McDougall'],1
Dodds',1
'Roger,1
Haldon'],1
Donaldson'],1
['Celestial,1
Courts'],1
['Thorney,1
Sin',1
Old'],1
Murdered,1
Ro-',1
'Jomes,1
'Jannet,1
Bolamgall',1
Bolamgal',1
"""Seiz",1
"[""Sandy",1
"M'Toysh""]",1
['Horrid,1
'Ingenious,1
Bank'],1
Coefession',1
'Dangerous,1
Condition',1
'Godly,1
Sorrow',1
Deluded,1
Wretch',1
'Hainous,1
Crimes',1
'Upright,1
Confession'],1
Impieties',1
Committed',1
MURTHER,1
Rankin',1
['Post,1
Demster',1
'Wemyss,1
Balfour'],1
Stuart'],1
Emonds',1
Niddry'],1
['May,1
"[""Tir",1
'Should,1
"[""Arrign",1
Sharp'],1
Con',1
Munro'],1
'Isabel,1
'Endinburgh,1
['Civil,1
Government',1
Campbel',1
Patrick,1
Campbel'],1
"[""Archibald",1
"M'Alluw""",1
"M'Innes""]",1
