,name,time
1059,John Muir,35
825,Libberton Wynd,20
3249,Society Articles,19
3393,Fancy Cards,15
3294,John Thomson,14
2548,Jim Bauldie,11
508,Wholesale Stationer,10
1021,James Wilson,10
2400,High Street,9
91,Jesus Christ,9
1439,John Smith,9
1823,Auld Reekie,8
2937,Hand Bills,8
632,Sir John,7
317,Lord Meadowbank,7
114,Francis Jeffrey,7
2323,Daft Jamie,7
2101,David Dobie,7
2094,Bonnie Scotland,7
2393,William Robertson,7
3324,Uncle Joe Nanny,6
2666,Margaret Paterson,6
1791,Colin Pentland,5
1728,Thomas Duncan,5
2282,Song Books,5
2883,Riddle Johnny,5
777,John Reid,5
1542,Lord Hermand,5
1408,John Campbell,5
104,James Brown,5
526,John Anderson,5
2960,Nelson Street,5
1171,Lord Pitmilly,5
2667,Dear Mother,4
3237,Coal Jock,4
1472,Almighty God,4
2114,John Brown,4
2407,Large Posting,4
1467,Ye Paupers,4
3217,Leith Wynd,4
2447,James Young,4
904,Robin Roy,4
1783,Sir Alexander Boswell,4
2371,James Thomson,4
580,Campsie Fells,4
1025,James Gilchrist,4
3003,Hankie Pankie Lass,4
996,JAMES KAY,4
172,Picture Books,4
1442,O Lord,4
1974,Alexander White,3
2954,George M'Taggart,3
3270,Ann Gray,3
3347,Good GOD,3
2742,Large Posting Bills,3
1210,William Cameron,3
177,Sweet Seventeen,3
539,Must Tackle,3
1201,Sir A. Boswell,3
3080,John Clark,3
1380,Dear Wife,3
2105,Jemmie Forrest,3
2184,Robert M'Intosh,3
577,Auld Lang Syne,3
3287,John Grant,3
239,George Stewart,3
3289,James Campbell,3
3316,George Street,3
2840,Robert Scott,3
2138,Jessie Henderson,3
662,William Johnston,3
213,William Rentoul,3
1274,Duncan Fraser,3
657,Nae Provost,3
3028,Robert Simpson,3
458,John Stewart,3
2305,Cellar Park,3
706,Peter Connacher,3
3177,Old Maids,3
3256,John Sinclair,3
1665,John Wilson,3
1353,Steam Boat,3
154,John Anderson My Jo,3
3240,Mark Dow,3
3291,William Hare,3
730,From GOD,3
0,William M'Kay,3
1878,John Gordon,3
1532,Agnes Dougal,3
310,Visit Nelly Bly Very Polite,3
1141,James Reid,3
257,Cottage Whar Burns Was Born,3
1122,Bobby Thomson,3
316,Mrs S.,3
3122,Catherine Wright,3
886,William Gordon,3
1839,Hugh M'Dougal,3
1796,William Peddie,3
1092,John Barr,3
402,James Watson,3
2590,Old Nick,3
2050,George Campbell,3
943,Jane Skirving,3
2593,Joe Dashing Navvigator Auld,3
2499,James Bell,3
2579,Hankie Pankie,3
1830,God Almighty,3
1524,William Baird,3
70,Cupar Fife,3
1022,William Paterson,3
3,James Gordon,3
393,Sir Alexander,3
1023,Lord Gillies,3
1161,David Thomson,3
2037,Dan O'Connell,2
3002,Margaret Dickson,2
489,Peter Paterson Bonny Nelly Brown Lilly Dale Forbies,2
3161,Joseph Hume,2
1569,William Mitchel,2
1596,Drs Renton,2
2018,JAMES CUNNINGHAM,2
2017,Mr. Robert,2
1400,ROBERT TENNANT,2
537,Simple Simon German,2
3001,Janet Brown,2
2961,Margaret Henderson,2
1435,Francis Gemmill,2
2034,Mr. H.,2
3167,Divid Dobie,2
1012,Mr. Pennecuik,2
2984,William Rae,2
301,Auld Robin Gray,2
2029,Janet Wilkie,2
1418,JOHN KEAN,2
2180,Laulan Louns,2
1440,Donal McKenzie,2
313,Honnest Betty,2
312,Symon Byrne,2
2967,Dan Mackree,2
337,Park Glasgow Courtship Bane,2
2053,William Thomson,2
3006,Thomas Potts,2
338,Mr. Miller,2
2124,Hugh M'Intosh,2
1533,Charles M'Kay,2
2120,John Moncur,2
435,George Morrison,2
1531,Kenneth M'Kenzie,2
2111,Mary Ann,2
1496,John Armstrong,2
3094,Half Past Ten,2
1502,William Buchanan,2
1505,John Green,2
2084,Linen Company,2
1509,John Toy,2
1521,Peter Gray,2
395,Tamas Henpeck,2
1519,Edinburgh Jail,2
1515,Mary Little,2
2089,Jamie Aytoun,2
3041,Though Broggan,2
3110,Lord Mayors,2
368,Mrs Skirving,2
352,Sir William Forbes,2
1448,Ann Hunter,2
340,Eldest Son,2
342,David Bertie,2
346,James Innes,2
2054,William Grieve,2
3025,William M'Kechnie,2
1459,George Smith,2
463,Jamie Raeburn,2
1546,From French,2
353,Trous Donald,2
3126,William M'Teague,2
462,Nil Desperandum,2
3125,Mrs Franks,2
2065,Daniel Grant,2
2127,Robert Wilson,2
448,John Buchanan,2
2188,Margaret Smith,2
2873,James Orr,2
540,Mr. Muir,2
1110,Youghal Ward,2
877,William Begbie,2
2650,Rose British,2
2662,Donald Frazer,2
2664,Bonnie Bessie Lee,2
1132,Edinburgh Town The Standard Bearer Come,2
1140,Neil M'Lean,2
850,George Thomson,2
2415,John Thamsons Bairns Pittin,2
2681,Mr. Murdoch,2
1151,Francis Cain,2
834,Jannie Beell,2
829,James Glen,2
2696,Pra Shentlemen,2
826,Euphemia Lawson,2
2397,Thomas Pink,2
1173,Isabella Kerr,2
1177,Gypsey Johnson,2
801,Wants Words,2
799,William M'Garvie,2
2379,Lord Succoth,2
2374,James Ewing,2
1190,Thomas Grierson,2
1200,James Dick,2
884,Norah Magee,2
892,Alexander Gordons,2
1212,George Davidson,2
1106,William Moffat,2
2532,James Stewart,2
2533,Old Aberdeen,2
1019,John Craig,2
2513,Wholesale Toy,2
2561,Lurgan Braes,2
2564,John Geddes,2
965,John Donaldson,2
2576,Wales Mary Queen,2
960,Tonald Bayn,2
1057,Willie Mathew,2
955,James Calder,2
2582,George Leslie,2
2583,Frae Fokoburss,2
951,John Bull,2
2589,Annie Laurie,2
1066,Old Men,2
2480,John Boyle,2
932,Thomas Weir,2
1074,Margaret Ritchie,2
2610,Alexander Robertson,2
915,Wemyss Hall Gate,2
900,James Jacks,2
1102,Edinburgh Town,2
1208,John M'Millan,2
767,William Muir,2
542,Loch Katrine,2
1309,Mr. Knapp—and,2
2865,Bobby Peel,2
2872,John Muir Printer,2
633,Margaret Warden,2
2253,Loch Carron,2
2251,Thomas Vernon,2
2892,Mr. Campbell,2
2902,Daniel Hunter,2
2903,Benjamin Moir,2
598,Mr. Panton,2
1354,Gizzie Miller,2
1358,Provost Spittal,2
1360,William Johnstone,2
2222,Blair Logie,2
1363,William M,2
1366,Lord Moncrieff,2
583,Helen McDougall,2
2926,Mr. Wyeems,2
2928,Auld Reikie,2
2935,James Fleming,2
1386,Mr. Thomas George Knapp,2
2200,Neil Gow,2
546,Joseph Richardson,2
544,William Mitchell,2
651,Mr. Bell,2
1296,Mr. Lord,2
2356,Joseph Philpot,2
2283,Mr. Maxwell,2
2752,Alexander Denham,2
1214,Blythe Comus,2
2756,Frae Sannie,2
2759,William Gilchrist,2
2763,William Higgins,2
752,John Robb,2
1224,David Wylie,2
2768,Lord Medwyn,2
1235,Though Aytoun,2
2788,Wot Cher,2
1251,Throu Murray-Land,2
713,Henry Pennycook,2
711,John M. Williams,2
2313,Allan Mair,2
1264,Allan Murchie,2
1268,John Roy Stewart,2
696,Mr. Morrison,2
694,David Glen,2
1273,Dont Let Us Be,2
686,Andrew Dawson,2
2294,Barney M'Guire,2
2828,Highland Mary,2
2290,James Lang,2
3175,Cupar Jail,2
1425,Mr. J,2
182,Margaret Mooney,2
1921,Bristo Port,2
1734,Glasgow Upwards,2
218,Doctors Adams,2
3279,Hugh Bisland,2
33,William Brown,2
1877,Sir Robie,2
255,Lewie Gordon,2
3403,Song Committee Bold,2
1940,James Kenny Stewart,2
3246,William Yeatts,2
1658,Murdo M'Kenzie,2
58,David Scott,2
211,Duncan Gray,2
1679,James Paterson,2
1799,John Waddell,2
1854,James Park,2
3272,JOHN CUBIE,2
1943,James Anderson,2
3204,Andrew Hardie,2
1803,James Gray,2
144,William Pearson,2
113,Freebairn Whitehill,2
1995,Nay Fiend,2
61,Young Sandy,2
3381,Andrew Neilson,2
223,Robert Lamont,2
3331,Walter Gray,2
1774,Brave Highlandmen Creep,2
1688,Mr. Grant,2
1934,Poor Sandy,2
3233,Peter Mill,2
1781,Captain Miller,2
96,Sir James,2
1886,William Wilson,2
98,Highway Robbery,2
1851,William Henry,2
50,James M'Kean,2
101,John Sherry,2
228,Four Times,2
1643,Lander Dick,2
3342,William Bennie,2
171,William M'Gowan,2
227,Let Scotland,2
1640,Neil M'Cann,2
3263,Virtuous Quondam Is Treated,2
1745,Income Tax,2
106,John Hay,2
1979,Van Dieman,2
1981,Thomas Young,2
1684,William Mudie,2
3239,Captain King,2
1768,Between Burke,2
1968,John M'Donald,2
63,Mr. Pyper,2
1909,John Scott,2
124,Hard Fate,2
3193,Reform Bill,2
3191,Satyres O,2
3362,Donald Cameron,2
1611,Hugh Adamson,2
1828,Robert Gray,2
281,My Heart,2
2006,James Maxwell,2
11,King Street,2
193,Botany Bay,2
191,Barbarous Murder,2
135,Andrew M'Kay,2
1816,Sir John Jameson,2
1907,George Gilchrist,2
1717,James Smyth,2
2010,Wood Fire,2
1759,Lord Jesus,2
1950,James M,2
3430,James Nichol,2
1757,Mr. Harmer,2
3194,Donald Bayn,2
1612,Lov 'd,2
3253,Mr. Williamson,2
1913,Dame Fortune,2
3419,James Sherdan,2
1900,Margaret M'Teague,2
202,William Wallace,2
3375,James Dixon,2
1767,David Glenn,2
2001,Till Meggy,2
3329,William Clackson,2
2394,Henry Palmer,1
1882,Thomas M'Kenna,1
1876,Noo Rab,1
1871,Sandy Mackay,1
1875,Abraham Foggets,1
2362,Gilt Knock-Hal,1
2384,My Love,1
2395,Mary Haldane,1
2360,Poor Willy,1
1883,Barbara Malcolm,1
2383,Dandy JOHN SLINK,1
2361,Rebecca Hudson,1
2363,Messrs George Goodlet,1
2396,Thomas Beveridge,1
2380,John Delgeess,1
2382,Nor Place,1
2359,Yet Young,1
1874,Hugh M' Millan,1
1884,James Sharp,1
2392,Charles O'Brien,1
2376,Bra Cloaths,1
2364,Finny Fry,1
2386,See Aytoun,1
2375,Robert Johnston,1
2387,Burke Mrs Burke,1
1879,Alls Tavern,1
2373,John F,1
2372,Mither Nature,1
2388,David Mickel,1
1880,Thus Vice,1
2370,St. Peter,1
1872,Poor London,1
2389,Great Volumns,1
2369,Janet Finnie,1
2368,James More,1
2381,Thou O Lord,1
2367,Thy Bracelets,1
2377,Coal Gas,1
1873,William Haddow,1
2366,Maggie Lauther,1
2385,My Gown,1
2378,Francis Gartred,1
2390,Arthur Woods,1
2365,Slaine Songs,1
2391,Peter Conacher,1
1881,Harper Twelvitrees,1
2014,James M'Laren,1
1889,Whole Squadrons,1
2358,Thus Thames,1
1899,Margeret Gordon,1
1898,Whilst Sun,1
2307,Thy Beastly Book,1
2308,Robert Muir,1
2309,Epsom Salts,1
2310,Miss Gall,1
1897,Nichol Lithog,1
2311,William Purves,1
2312,JOHN THOMAS,1
2314,Angel Bright,1
1896,Stories Janet Ritchie,1
2315,Execute Dobie,1
2316,Sure Cupid,1
2317,Mourn Traitor,1
2318,Robert Anderson,1
2319,JAMES CLELLAND,1
2320,Thomas Pott,1
2321,Jemima Brown One,1
2306,Blind Please,1
2304,Agnes White,1
2322,Isobel Vint,1
2303,Alexander Cunningham,1
1906,Oyster Wives,1
2291,Walter M'Farlane,1
2292,Pitts Printer Toy,1
2293,Edinburgh Mercury,1
1905,Auld Joe Nicholson,1
1904,My Body,1
2295,Herriot Row,1
2296,Alexander Gordons Lawful Sons,1
2297,Council Men,1
1903,Mr. John Matheson,1
2298,Margaret Peterson,1
2299,Hatton Woods Rocks,1
2300,Jamaica Brlg,1
2301,Are Fat,1
2302,Dumbarton Shires,1
1902,Red Hugh,1
1901,Poor Soul,1
1895,Libberton Wind,1
1894,Robert Love,1
1885,William Graham,1
2342,Daniel Deveron,1
2344,Jeffrey Alexander Hart,1
2345,County Down,1
1891,Mallinger Fair,1
2346,Joseph Richard-,1
2347,Whilst Rodney,1
1890,Three Quarters,1
2348,William Adams,1
2349,Charles Monro,1
2350,Provost Gibson,1
2351,Saint Barchans Feast,1
2352,Declare Sir,1
2353,Thomas Douglas,1
2354,Anno Dem,1
2355,Jas Qnin,1
1888,My Sentence,1
1887,Vinegar Hill,1
2357,Alexander Archibald,1
2343,Barbadoes Coast,1
2341,Allan Connell,1
2324,Kind Clerk Mackenzie,1
2340,Elizebeth Taylor,1
2325,Spain Though,1
2326,Thomas Flood My,1
2327,John Corbet,1
1893,JOHN M'DONALD,1
2328,Love Me,1
2329,Alexander Lawson,1
1892,Holy Law,1
2330,John Bain,1
2331,Mr. Samuel,1
2332,John M'Naught,1
2333,Glen Fudrich,1
2334,Archibald Brownlee,1
2335,Blunder Pass,1
2336,Mr. Muir Advocate,1
2337,Magnifick State,1
2338,William Pirie,1
2339,James Franks,1
2398,Ann Eatwisle,1
2413,Master James,1
1870,Good Success,1
2483,Elizabeth Devan,1
1843,John M'Kelvie,1
2485,Thos Weir,1
1842,Eppie Blaikie,1
2486,William IV,1
2487,From Hlbernia,1
2488,Stately Works All Castles,1
1841,Take Care,1
1840,Miss Macksun,1
2489,Gavin Arbuckle,1
1838,Peter M'Lean,1
1837,Sir Hugh Montgomery,1
1836,Passes Given,1
2490,George Tait,1
1835,Heaven Bless,1
2491,Alexander Pettigrew,1
2492,John Neil,1
1834,William GIBSON Licented School,1
2484,James Ferguson,1
1844,Alexander Johnson,1
2494,Moss Hadkin,1
2482,Window Labels,1
2468,Arahibald Morison,1
2469,Royal Assent,1
1848,Gowrie Dairy CHORUS,1
2470,My Caledonian Laddie,1
2471,Strathblane Tinker,1
2472,Gospel Documents,1
2473,Till Nancy,1
2474,Penna Pennae,1
2475,William Glendinning,1
1847,Captain ALEXANDER CAMPBELL,1
2476,John Eustace,1
1846,Mr. Harvie,1
2477,Asylum Team,1
2478,Red Rod,1
2479,Archibald Bryson,1
1845,My Sister Megg,1
2481,Captain William Cunningham,1
2493,Jeweller Polling Place,1
1833,Cut Hary,1
2399,Poor Folk,1
2514,Goose Pye,1
2516,Henry Brown.23,1
2517,Ramsay Ingles,1
2518,City Marshal Culprits,1
2519,Robert Sempill,1
2520,Thomas Smith,1
1827,Rober Emond,1
2521,Edward M'Caffer,1
1826,Cornelius M,1
1825,Jenny Dang,1
1824,Angry Billows,1
2522,Fife Herald,1
2523,William M'Keohnie,1
2524,Glasgow Green,1
2525,Peter M'Arthur,1
2526,Doth Describe,1
1822,Mary Miller,1
2527,Craigie Walls,1
2515,Duag Willie,1
1829,J. Curr,1
2495,Massrs Love,1
2512,Extending Light,1
2496,Oor Burns,1
2497,Mr. Stirling,1
2498,William Leslie,1
1832,Sovereign Lady,1
2500,John Bowman,1
2501,Cruel Death,1
2502,Thomas Turner,1
2503,Doctor William Mitchell,1
1831,Dead Corps,1
2504,James McMillan,1
2505,JOHN AUDOUIN,1
2506,Ten Command,1
2507,Andrew Crawford Master,1
2508,Caledon Wi,1
2509,David Wylle,1
2510,David Mullin,1
2511,Must Affection,1
2467,Alexander Gordon,1
2466,Gracia Rex Scotorum,1
2465,Hallay Bacche,1
2414,Edinnburgh RICHARD CAMOPBELL,1
2417,Sandy Sourkail,1
2418,Grove Street,1
2419,William Ainslie,1
2420,Loves Raptures,1
2421,Mattie Broon,1
2422,Soveraign Majestie,1
2423,Pallas Wife,1
1862,Anderson Coachman,1
1861,Richard Brodie,1
1860,Miss Fanny,1
2424,Catherine Frank,1
1859,Patricks Sauts,1
2425,Ancient Burgh,1
2426,Andrew Adamson,1
2427,Peter Vdlldnce,1
2428,O Scotia,1
2429,Where Tam,1
2416,ROBERT ANDERSON,1
2288,Mary Connor,1
2464,Captain Adolphus Fitzclarence,1
2412,Marion Lamond,1
1869,Julias Cæsar,1
1868,Lord Nicholson,1
1867,Mathew Turhbull,1
1866,Kilkerran House,1
2401,Robert Moran,1
2402,Royal Arcade,1
2403,First Fear,1
2404,Fifty Turkish,1
1865,Red Rose,1
2405,Edinburgh Thief,1
2406,Ugley Swine,1
1864,Master Duncan,1
1863,John Grafs,1
2408,Whose Sex,1
2409,Bonny Meg,1
2410,Paisley Road,1
2411,Evan MacPherson,1
2430,St Andrew,1
2431,Janet Blackwood,1
2432,Roger Haldon,1
2433,Faithful Account,1
1852,Jhon Gibson,1
2450,Splendid Establishment,1
2451,James Donelly,1
2452,Dennis Docherty,1
2453,Lower Exchange Street Dublin,1
2454,George Laidlaw,1
2455,Alexander Don Lady Harriet Don Miss Don,1
2456,Scots Came,1
2457,English Andrew,1
2458,HENRY ERSKINE,1
1850,Geordie More,1
2459,Alison Pearson,1
2460,Mary M'Adam,1
2461,Cookand Collier,1
2462,Person Should,1
1849,Hogen Mogon,1
2463,Mary Neil Printed,1
2449,Brave Chiesly,1
2448,Mr. Sparrow,1
1853,Nelly Brown,1
2440,Robert Tait,1
2434,Gavan Arbackle,1
1858,Daily Labour,1
2435,Elspeth Rule,1
2436,Elizabeth Wilson,1
2437,Brandie Possits,1
2438,Whilst Christ,1
2439,Wodden Clough The East,1
1857,Bailie Bullhead,1
2446,Lord Chamberlain,1
2441,James Miller,1
1856,John McDougal,1
2442,Puir Sowl,1
2443,Dickson Mrs Dickson Captain Don Captain Dalrymple,1
2444,Dame Nature,1
2445,Square Heads,1
1855,Cause Megg,1
2289,Martin Horn,1
2269,Hugh Alston,1
2287,Mr. Aikman,1
2096,James Coats,1
2097,John Beck,1
2098,Quinten Kerr,1
1970,Till Englend,1
2099,Tory 'gree,1
2100,Old England,1
2102,Margaret Harley,1
2103,Both Trixie,1
1969,Filippo Testti,1
2104,Ann Humer,1
2106,Sometimes Fools,1
2107,Lord Meadow,1
2108,Pointed Decreets,1
2109,Alexander Gillan,1
2110,Satin Gown,1
1967,John Cray,1
2112,Daniel Craig,1
2113,Volunteer Sir,1
1971,Lord Melbourne,1
2095,Molly Astore Donald,1
2116,Sir Tammas Lauder Dick,1
1972,Old Mill Stream,1
1983,Mathew Baird,1
1982,James Hannah,1
2083,Maggie Dickson,1
1980,Peggie Bawn,1
2085,Whan Spouse,1
1978,Kempock Point,1
1977,John M'Aulay,1
2086,Princcs Strect,1
2087,Miss Stewart,1
2088,Fisher Street,1
1976,Singular Circumstsnce Which,1
1975,Lenox House,1
2090,Hugh O'Donnell,1
2091,So Mary,1
2092,Mill Lass,1
2093,Thomos Riddell,1
1973,Sandy M'Toysh,1
2115,Bonnie Jeannie Shaw Anchor,1
2117,James Graliam,1
2081,Janet Shepherd,1
2136,Exit TAMMY—overturning,1
2137,Make Works,1
1960,Barbara Dick,1
1959,Newton De Besrie,1
2139,William Cowan,1
2140,Rooms Square,1
2141,Which Arthur,1
2142,John Carfrae,1
2143,Hunter Gutbrie,1
2144,William M'Aulay,1
2145,Mobb Huzza,1
2146,Thou Prop,1
2147,Henry Ousley,1
1958,Bailies Crichton,1
2148,Quoth Peching,1
2149,Rob Forbes,1
2150,Patrick Lawrie,1
2151,Robert Glen,1
1961,Whaur Wallace,1
2135,David Spence,1
2118,Jean Brisbane,1
1962,James Dogherty,1
2119,Lundin Mill,1
1966,Frederick Morgan,1
2121,FREDERICK W. MORRIS,1
2122,Valiant SIR,1
2123,Miln Boge,1
2125,John Con,1
2126,James Cow,1
1965,Mourin Shore Girvan Fair My Little,1
1964,Richard Neale,1
1963,Captain Monro,1
2128,Miss Kelly,1
2129,Thrang W,1
2130,Thy Influence,1
2131,Tom Moore,1
2132,See Johnson,1
2133,Against Turk,1
2134,Mr. Moodie,1
2082,William Green,1
2080,Holy Rest,1
1957,Throw Winters Night,1
2030,Forge Paper,1
2032,James Spirtal,1
2033,Hankie Pankie Jim,1
2035,Macallum Mhor,1
2036,William Craig,1
2038,Saw Captain Monro,1
2039,Thy Seed,1
2040,Margaret Nellis,1
2041,Sir W. Williams,1
2042,William Petrie,1
2043,John Calinan,1
2003,George Williamson,1
2044,Thomas Campbell,1
2045,Scots Lads,1
2046,Eliza Hildyard,1
2047,Lady G.,1
2048,Captain Brown,1
2002,Barbara Lawrie,1
2031,Sticked Duke Hamiltoun,1
2004,Doneld M'Naught,1
2000,Twelve Pound,1
2005,Fancy Gards,1
2013,James Cunningham,1
2016,Wood Charming,1
2012,John Scot,1
2011,Jenny Nettles,1
2009,Sir William Murray,1
2019,Madge M'Kell,1
2020,Wee Gaordie More,1
2021,William Erskine Commodore Elliot Miss Earl,1
2008,John Tait,1
2022,Henry Hunt,1
2007,Mill Glen,1
2023,Linton Lairds,1
2024,Mr. Hoar,1
2025,Mrs M,1
2026,George Douglas,1
2027,James Hunter Blair,1
2028,Scotch Sandy,1
2049,Lauder Dick,1
1999,Michael Allan,1
2079,Mrs Yule,1
1989,William Lindsay,1
2067,Daniel Kelly,1
2068,Tarn M'Bride,1
1988,Likewise Peas,1
2069,Niddry Street,1
2070,Thomas Newman,1
2071,Good God,1
1987,Where Loyal Hearts,1
2072,James Newton,1
2073,Mr. Bernard,1
2074,Mr. Neilson,1
2075,Rabbie Lyle,1
2076,Tom Lutter,1
1986,Mr. Robert Monteith,1
1985,My Wife,1
1984,My Thought,1
2077,Robert Stevenson,1
2078,William Swan,1
2066,Loyal Whig Sir,1
1990,James Boatson,1
1998,George Briden,1
2064,Scotlands Conductor,1
2051,Faithful Witness,1
2052,Sword Swallowers,1
1997,Hellish Plots,1
1996,Jeanie Shaw,1
2055,Melly Molone,1
2056,Auld Bawsie,1
2057,Captain Gardon,1
2058,Forget Baird,1
1994,Daniel Morgan,1
2059,Lord Swinton,1
2060,Gordon G. My,1
1993,Who 't,1
1992,Horse Stealing,1
2061,Janet Anderson,1
2062,Earl Grey,1
1991,Grunt Mon,1
2063,Peter Rice,1
2152,My Elegie,1
2153,Barney Collins,1
2286,Dark Hair,1
2232,Dramatis Personæ,1
2234,Patrick Curran,1
2235,Nicol Muschet,1
2236,Abraham Johnston,1
2237,Adkins Millennium,1
1920,Rullion Green,1
2238,Sonsie Union Laddie,1
2239,Put Prælacie,1
2240,Alexander Latham,1
2241,Ironmooger William Young,1
2242,Chrlie Mash,1
2243,Will Grasp,1
2244,Bleeching Knocks,1
2245,J. P.,1
1919,Ann Semple,1
2246,John M'clatchy,1
2247,George Lind,1
2248,Let Liberty,1
2233,John Wehster,1
2231,Burgundy Wine,1
2250,William Bolamgall,1
2230,Glasgow Jul,1
2220,George Arniel,1
1929,Robert Syme,1
2221,Michael Pirnie,1
1928,Giles Street,1
1927,James Wilkison,1
2223,David Sharp,1
1926,Rebells Shall,1
2224,David Barcley,1
2225,Gain Swear,1
2226,Lord Ross,1
1925,Sir Alexander Charles Maitland Gibson,1
1924,Cousin Andrew,1
1923,Lanwart Maggie,1
2227,Bloody Knave,1
2228,Major White,1
1922,Half Midwife,1
2229,William Cumming,1
2249,Subscription Sale,1
1918,Brave Daniel,1
1930,Maggie Riddel,1
2015,Johann Southcott,1
1911,From Castleblaney,1
2270,Nor Rigitness,1
2271,Archibald M'Allum,1
2272,Heather Jeck,1
2273,C M'Cann,1
1910,John Dunlop,1
2274,John Buchanan Buchan,1
2275,Roy Guilty,1
2276,Andrew Hastie,1
2277,Malachi Clinton,1
2278,Andrew Pollock,1
2279,John Colcleugh,1
2280,Sure Biddy,1
2281,Brave Althorpe,1
1908,Margaret Bishop,1
2284,John Ogilvie,1
2285,Poor Jamie,1
1912,Isobel Young,1
2268,James Gow,1
2252,Johu Learmonth,1
2267,Shammy Gloves,1
1917,Falkirk Tryst,1
2254,Pund Scots Is,1
1916,Than Puppil,1
1915,Ilay Ferrier,1
1914,Man Would,1
2255,Tonald Tearlech,1
2256,Guilty Soul,1
2257,John Conner,1
2258,Mathew Grass,1
2259,Than Men,1
2260,DAVID DOBIE,1
2261,Young Catherine,1
2262,Captain Sibbald,1
2263,Placards Emitted,1
2264,Douce Judgment,1
2265,Drink Watter,1
2266,True Scotsmen,1
2219,Ane Auncient Ballade,1
1931,Janet .Gardner,1
1956,Margaret Armour,1
1949,JOHN MILL,1
2169,Dear Peggie,1
2170,Mr. William Shepherd,1
2171,Thomas Bodkin,1
2172,Josiah Habakkuk,1
2173,Kitty Wells,1
2174,Mary Hidle,1
2175,Robert Sim,1
2176,TO THE,1
2177,Mr. Lerrain,1
2178,Miss Sally Ross,1
2179,Rob F,1
1948,Richard .Lestar,1
2181,John Ferguson,1
1947,Alexander Watson,1
1946,Luke Lindsay,1
2182,JAMES DORMAND,1
2183,Patrick Square,1
2168,Thyrde Bravest,1
2167,Mrs Connell,1
2185,Alexander M'Lean,1
2166,Spruce Christian Mustyes,1
1955,Barrowfield Road,1
1954,Mr. J. HENSHALL,1
1953,Camlachie Militia,1
1952,Dennis Doolan,1
2154,Joy Ill,1
2155,Should Malice,1
2156,Quoth Finlay,1
1951,Tom Spring,1
2157,Ye Sons,1
2158,Blarney M'Shane,1
2159,County Buildings,1
2160,William Cunningham,1
2161,Weekly Chronicle,1
2162,Where Meola,1
2163,Seven Years,1
2164,William Walker,1
2165,Donald Graham,1
1945,Love Thou,1
2186,Hainous Act,1
2218,James Whiteside,1
2203,Gilbert M'Leod,1
2205,Henrys Death,1
1936,Ye Zephyres,1
1935,Brother Adam,1
2206,Macpherson Rab,1
2207,Lawranse Scott,1
2208,Had Succours,1
2209,Trumpet Voice,1
2210,Duncan M,1
2211,James Kenny Stewert,1
2212,Forty Acres,1
2213,Michael Kiely,1
2214,Miss Dinah,1
1933,Pen Thy Praise,1
2215,College Street,1
2216,Where Robin Redbreast,1
1932,Thomas White,1
2217,Margaret Pa'erson,1
2204,Hab Simphon,1
2202,Captain Jeffrey,1
1944,Lord Maitland,1
2201,Old Abigail Simpson,1
2187,Tam Glen,1
1942,"James M'Ewan,3",1
1941,Janet Mathie,1
2189,Aweel 't,1
2190,James Taylor,1
1939,Hugh Hannah,1
1938,Willie Mathieson,1
2191,Puts Kings,1
2192,Where Money,1
2193,Paramandelang Rattskiammum,1
2194,Fergus Ferguson,1
2195,Smiddy My,1
2196,Bauldy Strang,1
2197,William Weare,1
2198,Orange Jerkin,1
2199,Town Clerk,1
1937,Sheriff Depute,1
2528,Church Bill,1
2623,Isabel Davie,1
2529,Robert Hodge,1
3129,Geordie Gordon,1
3116,My Sins,1
3117,Main Point,1
3118,Anne Marie,1
3119,Miss Graham,1
3120,Mr. Moffat,1
3121,Mrs Balfour,1
3123,Messrs Nicebit,1
3124,Henry Reid,1
3127,Hainous Crimes,1
3128,Walter M'lntosh,1
3130,Wretch Tho,1
3087,Is Louden Folks,1
3131,Hill Easter Snow Anne,1
3132,Joseph Smith,1
3133,William M'Call,1
3134,William Cairns,1
3135,Peter Murphy,1
3136,Mr. Orr,1
3137,Daniel Haunan,1
3138,Miss Betty Brown,1
3139,Fair Sir,1
3140,Lord Mackenzie,1
3115,English Court,1
3114,Janet Greig,1
3113,Shillings Sterling,1
3112,Daniel M'Donald,1
3089,William Eaton,1
3090,Margaret M'Mahon,1
3091,Paddy Whack,1
3092,Robert M'Neill,1
3093,Who Conquer,1
3095,Denis Doolan,1
3096,Mrs M'Millan,1
3097,Margret Leitch,1
3098,John Millar,1
3099,Mr. Blackwood,1
3100,Abbays Bailzie,1
3101,David Anderson,1
3102,High Treason,1
3103,John Clod,1
3104,Janet Alexander,1
3105,Nine CATS,1
3106,Dear Exquisite,1
3107,Great Bellona,1
3108,Honest Hearted Gentleman,1
3109,Helen McDougal,1
3111,Fat Actor,1
3141,Thomas M'Ritchie,1
3142,Place Lan,1
3143,Round Loch,1
3170,Thomas Walker,1
3172,Samuel Johnson,1
3173,James Scott,1
3174,Robert Ist,1
3176,Robert Marshall,1
3178,Bethia Kent,1
3179,Eric Campbell,1
3180,Great St.,1
3181,Jean Berrie,1
3182,George Sutherland,1
3183,Meg I—and,1
3184,Sarah Gaze,1
3185,Janet Forsyth,1
3186,King James,1
3187,Helen Baxter,1
3188,Jean Bell,1
3189,O Jonny,1
3190,Whan CALEDON,1
3192,Bereav 'd,1
3195,Thomas Gentles,1
3196,Ann Rennie,1
3197,William Richardson,1
3171,William Doag,1
3169,Hill Place,1
3144,Oaken Flock Beds,1
3168,Geordie Malice Brithel,1
3145,Francis M'Mannus,1
3146,Mong Scotia,1
3147,Possess 'd,1
3148,Aberdeen Jail,1
3149,Albanian Animal,1
3150,Robert Knox,1
3151,Handbills Cards,1
3152,Bold Princess Royal,1
3153,Alexander M'Kay,1
3154,Ann Gruar,1
3155,Janet Wilson,1
3156,Jomes Gordon Merchant,1
3157,Fame Be,1
3158,Robert Sym,1
3159,Thy Desert,1
3160,Glasgow Tolbooth,1
3162,Mount Caivary,1
3163,Mr. Ro-,1
3164,North Winds,1
3165,Robert Simm,1
3166,Thy Beauty,1
3088,Elizabeth Powell,1
3086,Where Prentice Boys,1
3199,Lad Kirsty,1
3019,Wes Deacon,1
3009,Julius Cesar,1
3010,Thomas Lomax,1
3011,Mens Eyes,1
3012,Dispens 'd,1
3013,John M'Creevie,1
3014,James M'Lachlan,1
3015,Grimer Postures,1
3016,Thomas Neil,1
3017,Elizabeth Jackson,1
3018,David Thourburn,1
3020,Archibald Campbell,1
3085,Neil Sutherland,1
3021,Campbell Roy,1
3022,Where Charlie Watson,1
3023,John Mitchell,1
3024,Mr. HENRY,1
3026,John Lees,1
3027,Her William,1
3029,My Lords,1
3030,Dorothy M'Williams,1
3031,Honest Folk,1
3032,John Nairn,1
3008,Jean Nicol,1
3007,Isaac Hindle,1
3005,Scott Housebreaking,1
3004,Hugh M'Casker,1
2979,Burke Hare,1
2980,Elizabeth Dyer,1
2981,Dolly Daisy My,1
2982,Adam Green,1
2983,Helen Brotherston,1
2985,Alison Veitch,1
2986,Miss Mulligan,1
2987,Hands O,1
2988,Loyal Sufferers,1
2989,Nid Noddin,1
2990,Bridget O'Flannagan,1
2991,Bailie Haig,1
2992,William M'Kenzie,1
2993,Geordie Murray,1
2994,Rich Cakes,1
2995,Kind Nature,1
2996,Walmer Castle,1
2997,Bonnie Scotland Home Rule Bill,1
2998,Chimney Sweeps,1
2999,Ned Curle,1
3000,Honest Luckie,1
3033,John Dempster,1
3034,Robert M'Kinlay,1
3035,Thomas Coventry,1
3061,Divine Service,1
3063,William Paddie,1
3064,Born Soul,1
3065,Dabbe Wi,1
3066,Bailie Hamilton,1
3067,Cruel Heart,1
3068,James Chalmers,1
3069,Jahn Hamilton Esq,1
3070,John Haworth,1
3071,Horse Police,1
3072,Dainty Bit Plan,1
3073,Aberdeen Ferry Boat Calamity,1
3074,James Austen,1
3075,William Helm,1
3076,Elizabeth Fraser,1
3077,Captain C.,1
3078,William Whitelaw,1
3079,Prince Albert,1
3081,Andrew Robertson,1
3082,William Brennan,1
3083,John Nielson,1
3084,Captain Gordon,1
3062,Mr. Wm,1
3060,John Bulman Livery,1
3036,Deanston Cotton Mill,1
3059,William Hamilton,1
3037,David Wilson,1
3038,Thomas Yule,1
3039,Willie Wastle,1
3040,Dugald Campbell,1
3042,Mighty Warr,1
3043,Robert M'lntosh,1
3044,Robert Grandberry Baillie,1
3045,Nicholson Street,1
3046,William Brodie,1
3047,Sootch Words,1
3048,Head Pour,1
3049,Myrtle Groves,1
3050,Dangerous Condition,1
3051,Me Loves,1
3052,Ages Bairns,1
3053,Matthew Linn,1
3054,James Plunkett,1
3055,Robert Brown Anderson,1
3056,Walter Heatherington,1
3057,Thomas Connar,1
3058,Chariot Wheel,1
3198,Captain Andrew Houston,1
3200,JOHN SHERRY,1
2977,William Comb,1
3363,Mr. John Cowan,1
3352,John Pringle Mrs,1
3353,Piper John,1
3354,Robt Smellie,1
3355,Lambert M Duke,1
3356,Thomas Wright,1
3357,Musgrave Mackgie,1
3358,Except Queen,1
3359,Agnes M'Allum,1
3360,Board Early,1
3361,Thou Patriot Poet,1
3364,DANIEL RANKINE,1
3320,Nell Flaherty,1
3365,Bonny Highland Laddie,1
3366,Hugh Gallogher,1
3367,Poor John,1
3368,Captain Fairman,1
3369,Ann Fletcher,1
3370,Proceeds Mas,1
3371,James M'Manus,1
3372,George Allardice,1
3373,Leads Let,1
3374,John Hutton,1
3351,Sir JOHN BOGHOUSE,1
3350,Margaret M'Leod,1
3349,Mr. H,1
3348,John M'Clure,1
3322,From Faults,1
3323,Alexander Black,1
3325,RICHARD BROXUP,1
3326,Silver Plate,1
3327,Thomas M'Lachlan,1
3328,Christian Dickson,1
3330,Till Charlie Grey,1
3332,Heavens Doom,1
3333,Kerse Toll,1
3334,Six Centuries,1
3335,Within Siberis,1
3336,John Elliot,1
3337,Harley Street,1
3338,Bridget Ennis,1
3339,Janet Douglas,1
3340,Wi Drinking,1
3341,College Street Chapel,1
3343,Daniel Mulholland,1
3344,Fair Scotland,1
3345,James Paton,1
3346,Majesty Bleed,1
3376,James Stuart,1
3377,James Murray,1
3378,Thomas Braid,1
3406,Pious SHARP,1
3408,From Peatie,1
3409,From Scabbard Salted,1
3410,Athol Moon,1
3411,Macgaret Paterson,1
3412,Mary Jarvis,1
3413,William Sargeant,1
3414,William Burke Guilty,1
3415,Mrs Outsole,1
3416,English Air,1
3417,Eighteen Months,1
3418,William Kirkwood,1
3420,Edward David Dunn,1
3421,Angel Gabriel,1
3422,Cathrine Farquhar,1
3423,John Fleming,1
3424,Chevy Chase,1
3425,Glasgow Oh,1
3426,Lang Unken,1
3427,James Lestar,1
3428,Lord Kenyon,1
3429,Sir Daniel,1
3407,Henry Arnot,1
3405,John Muir Printer Glasgow,1
3379,Lords Com,1
3404,Nancy Graham,1
3380,John Pettigrew,1
3382,Thy Lover,1
3383,Robert Forsyth,1
3384,John Mason,1
3385,Edward Crawley,1
3386,Melcom McDonald,1
3387,Knight Good,1
3388,Poor Clod,1
3389,J. M'Leod,1
3390,Billy Sandy,1
3391,Her Parliaments,1
3392,Nine Years Old,1
3394,Epple Blaikie,1
3395,Sarah Gray,1
3396,David Doughtie,1
3397,Geordie Malice Swore,1
3398,Peter Pickthank,1
3399,Robert Dundass,1
3400,Her Breasts,1
3401,Daniel Johnston,1
3402,Captain M'Nealy,1
3321,Wardrope Dyer,1
3319,May God,1
3201,Till Phœbus,1
3243,Andrews Church,1
3229,John Barley-corn,1
3230,Athol Highlander,1
3231,Basin Edinburgh,1
3232,John Barleycorn,1
3234,John Howieson,1
3235,Haff Winking,1
3236,Kent Streets,1
3238,Admir 'd,1
3241,Acre Hill Easter Snow Anne,1
3242,Mr. Bruce,1
3244,Fourty Years,1
3318,Baillie Gordon,1
3245,James Herbert Rodgers,1
3247,Helen M'Dougall,1
3248,Both Night,1
3250,Walter Dingwall,1
3251,Howard Place,1
3252,Love Confusion,1
3254,David Stewart,1
3255,Grahame Douglas,1
3257,Barney Magee,1
3258,Sweet Annie,1
3228,Her Beauty,1
3227,Kenny Steware,1
3226,Mourn Dame,1
3225,Thomas Wothespoon,1
3202,Wretched Huntly,1
3203,Willie Brennan,1
3205,Quadrille Clubs,1
3206,William M'Farlane,1
3207,George Barry,1
3208,Alexander Ker,1
3209,Alexander Forbes,1
3210,Mr. Hardie,1
3211,Signiora SHRIL-PIPE,1
3212,Isabella Munro,1
3213,Father Thomas Morgan,1
3214,Alexander Dudgeon,1
3215,Black Winds,1
3216,Turk M'cleods,1
3218,Marble Warehouse,1
3219,Queen Anne,1
3220,Lamerton Colonel Reid Captain Riddell,1
3221,Pride Yet,1
3222,John Hill,1
3223,George Dickson,1
3224,William Bald,1
3259,Lord Dernwentwater,1
3260,Sandie Tamson,1
3261,Fiar Fuckdock,1
3293,William M'Feat,1
3296,Peter M'Queen,1
3297,Glen Shie,1
3298,Caller Herrin,1
3299,Sir James Campbel,1
3300,Auld Nick,1
3301,James Duke,1
3302,Saxe Meinenge,1
3303,Alexander Pennicuick,1
3304,Christion Thomson,1
3305,Attens O,1
3306,Blue Park,1
3307,William Miller,1
3308,Gray Mare,1
3309,Kalaslie Birks,1
3310,Save Brother Curry,1
3311,Got L5,1
3312,Doctor K,1
3313,Divine Art,1
3314,Amry Sneck,1
3315,Her Birth,1
3317,Margery M'Conegal,1
3295,Whole Hog,1
3292,Rottenrow Street,1
3262,Park Wanton,1
3290,Guilty Samuel Baird,1
3264,Round Second,1
3265,William Barrie,1
3266,Elizabeth Paul,1
3267,Scots Wha Hae Or,1
3268,Robert Burns,1
3269,John M'Carell,1
3271,Alexander Frazer Tytler,1
3273,Alexander McLaren,1
3274,Holyrood Sat Mary,1
3275,Wynd Edinburgh,1
3276,Ronald MacDonald,1
3277,John Macbride,1
3278,Glasgow Courier,1
3280,Fifty Years,1
3281,Colonel Fitzclarence,1
3282,Mary Boyd,1
3283,Thomas Templeton,1
3284,Feter M'Cabe,1
3285,Her Name,1
3286,Cracks Who,1
3288,Lord Byron,1
2978,John Chandler,1
2976,Whose Sacred Function,1
2530,Jockie Smils,1
2686,Mrs Heelball,1
2675,Captain Hamilton—I,1
2676,Bernard M'llvegue,1
2677,Maud Bathing Let Glasgow,1
2678,Davidson Nicoll,1
2679,Peter Grant,1
2680,Who Murdered John,1
2682,Four Golden Columns,1
2683,Lown Carle,1
2684,Big Rag Store,1
2685,Murdoch M'Rae,1
2687,Messrs G. Watson,1
2643,Gave Knowledge,1
2688,Archibald M'Phail,1
2689,Agnes Watt,1
2690,Robertson Dickson,1
2691,William Mcffat,1
2692,Wee Drappie,1
2693,Nature Sickens,1
2694,James Mourne,1
2695,Janet M'Lauchlane,1
2697,Beans O Dool,1
2698,Joseph Swift,1
2674,Banter 'd,1
2673,Paisley Bridewell,1
2672,Sir Turnabout,1
2671,William Davidson,1
2645,Mick Johnston,1
2646,Peaties Mill,1
2647,Against Turks,1
2648,Is Sanny Wiljon,1
2649,Mr. Penman,1
2651,Mary Magdalene,1
2652,George Bryce,1
2653,Honest Fellows,1
2654,William Titton,1
2655,Prestwick Toll-bar,1
2656,Charles Hope,1
2657,John Dagleish,1
2658,James Reach,1
2659,Thomas Davies,1
2660,Bad Weather,1
2661,Dear Amy,1
2663,David Laird,1
2665,Catherine Biggar,1
2668,Weak Woman,1
2669,John Gibson Schoolmaster,1
2670,Miss Smith,1
2699,St Ninian,1
2700,Mr. Cunningham,1
2701,Maggies Pouch,1
2726,Ned Fourteen,1
2728,Iambi Protect,1
2729,Sarah Orrill Johnston,1
2730,Alexander Cameron,1
2731,My Wemon,1
2732,William White,1
2733,JOHN M,1
2734,Where Flora,1
2735,Guinea Note,1
2736,Might Who,1
2737,Archibald MacDonald,1
2738,James Knox,1
2739,John Mackenzie,1
2740,John Fram,1
2741,Mathew Clydesdale,1
2743,Messrs Stenhouse,1
2744,Foe Will,1
2745,Ignatius Brood,1
2746,Mr. Murray,1
2747,Pimlico Dancing,1
2748,Donald Fraser,1
2749,Alexander MacLeod,1
2727,Sandie Drysdale,1
2725,Frederickt Winkworth,1
2702,Jack Tar,1
2724,Sarah Urquhart,1
2703,Afton Water,1
2704,J. M,1
2705,Mr. Fitzgerald,1
2706,Through Ghostly Skill,1
2707,Sterling Coin,1
2708,Five Pounds,1
2709,Grivous Crueltie,1
2710,Janet Moir,1
2711,Lest Consciencc Judge,1
2712,Dandy Husband,1
2713,Brought Ferry,1
2714,Blyth Bauldy Buchanan,1
2715,James Kay,1
2716,Bless God,1
2717,Ann Pride,1
2718,WILLIAM YOUNG,1
2719,Maggy M'clatchy,1
2720,Thy Power,1
2721,Ann Liston,1
2722,Sixty Guineas,1
2723,Margaret Stewart,1
2644,William M'Leod,1
2642,George Watson,1
2751,Gourdon Schoolhouse,1
2571,Between Hands,1
2559,Lizie Bailiet,1
2560,Bessie Bell,1
2562,Gala Miss Scott Captain Scott,1
2563,James Dougherty,1
2565,William Catton,1
2566,Major Peddie,1
2567,Miss Bell,1
2568,Mr. Paterson,1
2569,Naked Breast,1
2570,Clyde Battle,1
2572,Margaret M'Donald,1
2641,Allan A'Aulay,1
2573,Whilst Obadiah,1
2574,Lauder DICK,1
2575,John Morrison,1
2577,Lord John Scott,1
2578,Mony Thanks,1
2580,James Clark,1
2581,Thomas M'Innally,1
2584,Tae Hielan,1
2585,Worldly Novel,1
2586,Edward Moore,1
2558,Whether Jimmy,1
2557,Tam Gibb,1
2556,Logan Braes,1
2555,Donald M'Donald,1
2531,Robert Perry,1
2534,John M'Laren,1
2535,Beil McMenemy,1
2536,William Downie,1
2537,Gang Paddy,1
2538,Alexander Brownlie,1
2539,Tory Ladies,1
2540,Celestial Courts,1
2541,Robin Tamson,1
2542,Glensinlas Street,1
2543,Jane M'William,1
2544,Captain Stuart,1
2545,George Buckley,1
2546,James Tod,1
2547,Begone Dull Care,1
2549,Frank Jeffrey,1
2550,Father Buccleuch,1
2551,Jenie Broon,1
2552,Sir John Cope,1
2553,Trinty Famious,1
2554,Lord Breadalbane,1
2587,Than ENGLISH Bards,1
2588,John Larg,1
2591,Love Sonnets,1
2618,Provest Staig,1
2620,Hundred Cannon,1
2621,Pat M,1
2622,Purple Gore,1
1820,Elspet Reid,1
2624,Whose Valour,1
2625,William Campbell,1
2626,Margaret M'comb,1
2627,Noo Donald,1
2628,William Dornan,1
2629,Shall London,1
2630,Zjpporas Speech,1
2631,Thy Ruler,1
2632,Robert Cockburn,1
2633,Bloodie Foe,1
2634,Caution Be,1
2635,Riccarton Kennel,1
2636,Or Wellington,1
2637,John Smellie,1
2638,Marjory Campbell,1
2639,Daniel M'Coll,1
2640,Johnnie Cone,1
2619,Rid Rosie Cheeks,1
2617,Humbly Sheweth,1
2592,Simon Lord Lovat,1
2616,Bowl Aboot,1
2594,Maister Prenter,1
2595,Highland Laddie,1
2596,Henry Spruell,1
2597,Matthew Hay,1
2598,Mr. BOYLE,1
2599,Aurther Morgan,1
2600,John M Millan Jhon,1
2601,Barney Ligget,1
2602,Glasgow Green Whisky,1
2603,Horn Sooner,1
2604,Mr. Ricardo,1
2605,Mathew Linn,1
2606,John Paisley,1
2607,Cramond Bridge,1
2608,Shopmen Plumbers,1
2609,Dinlabyre P Sir,1
2611,Tuzzee Mnzzee,1
2612,Ceorge Gilchrist,1
2613,Brave Havelock,1
2614,David Brown,1
2615,Ann Black,1
2750,Whan Mar,1
2753,Dandy Pat Gallant,1
2975,James Jones,1
2905,Than Reason,1
2893,Or Alaster,1
2894,Janet Hynman,1
2895,James Munningall,1
2896,Horse Good,1
2897,Robt Campbell,1
2898,John Bird,1
2899,Agnes Naismith,1
2900,Let Horace,1
2901,Sir John Hope,1
2904,Sie Subscribitur,1
2906,St Helena,1
2861,Hab Simpson,1
2907,Caller Ou,1
2908,John Haggart,1
2909,Letita Philips,1
2910,Deam Crute,1
2911,Jonat Mathie,1
2912,Pious Mother,1
2913,Did Uncle Tom,1
2914,Rival France,1
2915,Staunch Reformer,1
2916,Michael Gillon,1
2891,Peter Brown,1
2890,O Death,1
2889,Kathleen Mavoureen,1
2888,George Duffy,1
2863,Ayre Sheading,1
2864,Every Night,1
2866,William Benson,1
2867,JOHN RANKINE,1
2868,Thomas Morrin,1
2869,John Thom,1
2870,Country Orders,1
2871,Farewell Tae Blairgowrie,1
2874,Bumbees Breast,1
2875,Mr. R.,1
2876,Pride Destructions,1
2877,William M'Intyre,1
2878,Billows Ride,1
2879,James Moncrieff,1
2880,Curious Island,1
2881,O God,1
2882,Joan Finlay,1
2884,Signor RUNCO,1
2885,JOHN RATTRAY,1
2886,Say Dead,1
2887,Joseph Alder,1
2917,James Webster Brown,1
2918,Snuff Mill,1
2919,Robert M'Leod,1
2948,How Glorious,1
2950,William Elphinstone Hon Keith Elphinstone Hon,1
2951,William Alexander,1
2952,Necks Cat Skins,1
2953,Ebenezer Connal,1
2955,Mrs Paste,1
2956,St Patrick,1
2957,Hanover Square,1
2958,Hug Yards,1
2959,Arthur Seat,1
2962,Blood Are,1
2963,William Keith,1
2964,Ship HOPE,1
2965,Royal Circus,1
2966,Mr. Bodkin,1
2968,John Miller,1
2969,Jock Jabos,1
2970,William Forbes,1
2971,Jim Crow Or Father Mathew,1
2972,JOHN CAMERON,1
2973,Thy Salvation,1
2974,Allan Water,1
2949,Jean Anderrson,1
2947,Janet M'Lachlan,1
2920,Port Eglinton,1
2946,St Michael'.,1
2921,Cock Maid,1
2922,James Torrance,1
2923,Ann Livingstone,1
2924,Patrick Muldoon,1
2925,Helen Watt,1
2927,Pretty Susan,1
2929,J. G. ROY,1
2930,Found Guilty,1
2931,Lords Hermanb,1
2932,Little Dunkeld,1
2933,Honest Lucky,1
2934,Isabel Smith,1
2936,Principal Taylor,1
2938,JAMES WILSON,1
2939,Mr. Alex,1
2940,Dublin Lucy Gray London,1
2941,William Honyman Esq,1
2942,Be Knows,1
2943,Lord JOHN,1
2944,Robert Logan,1
2945,Carse Printer,1
2862,Is Pride,1
2860,Selkirk Countess,1
2754,AGONY BILL,1
2795,Glasgow Royal Mail,1
2784,Brave Martial Spirits,1
2785,Mr. Myers,1
2786,Five Guineas Is,1
2787,Lord Walsingham,1
2789,James Honyman,1
2790,Cromies Life,1
2791,Father Mahar,1
2792,Alexander Thomson,1
2793,Richard Caffery,1
2794,Marion Inglis,1
2796,Monsieur FLANDERRAGO,1
2859,Unless 't,1
2797,Tom Tailor,1
2798,Mill Street,1
2799,James M'Kenzie,1
2800,Saw Joseph Allison,1
2801,Citizen DUPONT,1
2802,John Cameron,1
2803,Lime Wood,1
2804,Auld Andrew Hair,1
2805,Sir John Lake,1
2806,Where Harold,1
2783,Cogue Seede,1
2782,Lord Adam Gordon,1
2781,Sweet Jenny,1
2780,Dundee Advertizer,1
2755,Busy Baken,1
2757,Throw Europe,1
2758,Dominie Davie,1
2760,James McLean,1
2761,Jean Livingsten,1
2762,William Boswell,1
2764,Sick Folk,1
2765,Dublin Bay The True Orange Boy Ane,1
2766,Tom Trumpeter,1
2767,William Lumsdale,1
2769,Nell Flaharty,1
2770,Fancy Ball,1
2771,Poor Jane,1
2772,Alexander Waddell,1
2773,JAMES KING,1
2774,Luckie Spence,1
2775,Hugh M'Millan,1
2776,Evan Morgan,1
2777,Janet Gunn,1
2778,Next Fortune,1
2779,Archd Finlay,1
2807,Sir William Wallace,1
2808,Paid Donald,1
2809,My Jane,1
2835,Stop Passenger,1
2837,Miss Hooligan,1
2838,Dennis Haggarson,1
2839,Folks Neeks,1
2841,Queen Victoria,1
2842,Self SIR,1
2843,Thomas M Fatlane,1
2844,Great Usurers,1
2845,O LORD,1
2846,Mr. Walter Price,1
2847,Mort Collins,1
2848,William Corder,1
2849,Heaven Will,1
2850,Rob Smith,1
2851,Master Duncan Lidel,1
2852,Auld CALEDONIA,1
2853,Dundee Her,1
2854,Black Prelacy,1
2855,William Gemmil,1
2856,Kenneth Wright,1
2857,Earl Rodgor,1
2858,Messrs Connal,1
2836,Duncan Grey,1
2834,Peggy Brown,1
2810,Brave Highlandmen,1
2833,Royal STEWART,1
2811,Letter Prese Printing,1
2812,Or ED,1
2813,Isaiah Moore,1
2814,Hugh Campbell,1
2815,Francis Weir,1
2816,Her Tongue,1
2817,Lady Doall,1
2818,Adam Paterson,1
2819,James M'Lean,1
2820,James Eadie,1
2821,Johnnie Dowie,1
2822,Hackney Hire,1
2823,Robert M'Millan,1
2824,Orphan Bo,1
2825,John Gran,1
2826,Ann Mackechnie,1
2827,John Earl,1
2829,Letterpress Printing,1
2830,James Devlin,1
2831,Messrs Gilfillan,1
2832,Christ Jesus,1
1821,Alabama Shamrock,1
1716,George IV,1
1819,Johnnie Cope,1
613,Poet Laureate,1
603,Alexander Fleming,1
604,Marion Kempt,1
605,Maggie Lauther Stand,1
606,Auld Nepple,1
607,Boat Man,1
608,Daniel Freer,1
609,Sir Francis Drake,1
610,Spare Sir,1
611,Wandered Astray,1
612,Betty Burnett,1
614,Glasgow Herald,1
572,Sorrals As Antient,1
615,Hugh M'Farlane,1
616,Alison Walker,1
617,Whilst Scotlan,1
618,Alexander Donaldson,1
619,Calestial City,1
620,Scots Mens Blood,1
621,Janet Patison,1
622,Johnny Raw,1
623,Or Learning,1
624,Upright Confession,1
602,Mr. Sandford,1
601,William Mathewson,1
600,Thy Self,1
599,William Hardie,1
574,Arrign 'd,1
575,Sir Walter Scott,1
576,Balloon Tytler,1
578,Than Cæsar,1
579,Philip Sydney,1
581,Mr. Arniel,1
582,Charles MKay,1
584,Roderick M'Donald,1
585,Captain James Douglas,1
586,Christian M'Donald,1
587,John Wright,1
588,Cruel Maid,1
589,Lord Leven,1
590,Mclntosh Pirnter,1
591,Candid Truth,1
592,Christopher Jameson,1
593,Carlisle Jail,1
594,Sweet Silvery Light Bonnie Moon,1
595,William M'Curdie,1
596,Pedigree Most,1
597,Brave Gordon,1
625,Margaret Paisley,1
626,Andrew Camelier,1
627,Hill Jail,1
655,Mr. Douglass,1
658,Agnes Sharp,1
659,John Linklater,1
660,Arch Bishop,1
661,John Hullock,1
663,Glasgow Chronicle,1
664,Implous Laws,1
665,Nine Lords,1
666,Wi Kate,1
667,William Barclay,1
668,Do Skulk,1
669,Bob Neil,1
670,Jane R.,1
671,Alexander Anderson,1
672,Te Frasers,1
673,Margaret Millar,1
674,James Ross,1
675,Danty Davie,1
676,Publick Invitation,1
677,Switch Could,1
678,Margaret Lyon,1
679,So Tory,1
656,William Simpson,1
654,Reprov 'd,1
628,Wine All,1
653,Boiling Hot,1
629,Green Castle,1
630,Rorie Pringle Drawer,1
631,William Lochhead,1
634,Ye Scottish,1
635,Jamie Foyers,1
636,Alexander Peterkin,1
637,Country Order,1
638,Where D,1
639,Jacobite Rebels,1
640,Peggy Tinlin,1
641,Poor Nancy,1
642,Meikle Mon,1
643,Edinburgh__Mrs Calderhead,1
644,Colin Alexander Anderson,1
645,Messrs Atichison,1
646,Charles Cearns,1
647,Sir James Gordon,1
648,Margaret Boag,1
649,George Heriot,1
650,Farewell Inniskillen,1
652,William Davis,1
573,Thomas Riddle,1
571,Mrs Adam,1
681,Glasgow Air,1
500,Paisley Road Annie Lisle Happiest,1
490,ROBERT CAMpbell,1
491,Jenny Baxter,1
492,Stuff Tail,1
493,John Dunbar,1
494,Peter Puzzlewit,1
495,Good May Edifie,1
496,Peter Banks,1
497,Lord Reoch,1
498,Mr. Scanlan,1
499,Mrs Otto,1
501,William Montgomerie,1
570,Margaret Russell,1
502,Cruel Dear,1
503,George Shaw,1
504,Alma Handkerchiefs,1
505,Heart Was,1
506,Dugald M'Google,1
507,Wearing Apparel,1
509,John Murphy,1
510,Dear Mr,1
511,St Giles,1
512,Mr. John Anderson,1
488,Red Path Trees,1
487,Sweet July,1
486,Where Nickum,1
485,Breadalbane Fencibles,1
464,Reference Cards,1
465,David Milne,1
466,My William,1
467,Robert Wylie,1
468,Mrs Skirvin.,1
469,Garry Owen,1
470,William Allan,1
471,John Dickie,1
472,Charles Donaldson,1
473,Robert Laurie,1
474,Quoth Hab,1
475,Bonny Face,1
476,David Blyth,1
477,Makes Young Pigs,1
478,William Divan,1
479,John Turpin,1
480,Three Gentlemen,1
481,Let Holland,1
482,James Williamson,1
483,George Sideserf,1
484,Sarah Bell,1
513,Three Heralds,1
514,John Park,1
515,Velvet Lees,1
547,Orphan Wi,1
549,My Hosler,1
550,King Street Glasgow,1
551,Hugh Glacken,1
552,Blind Guides,1
553,Alexander Lord,1
554,Primo Buffo,1
555,John Henderson,1
556,Alexander Smith,1
557,James Waldie,1
558,Samuel Hastic,1
559,Green Grow,1
560,Luggage Labels,1
561,Never Scot,1
562,JOHN WATSON,1
563,Alexander Turnbull,1
564,Ere Grahame,1
565,Bed Cloathed,1
566,Julius Cæsar,1
567,Down Patrick,1
568,Finlay Lown Carle,1
569,Should God,1
548,Diana Kitty Annie Maria,1
545,Hadinton Earl,1
516,John Connar,1
543,Bernard Collins,1
517,William Howat,1
518,J. C. Dunlop,1
519,David Trail,1
520,Signior DONDERHEADO Looked,1
521,O GOD,1
522,Roslin Castle,1
523,Auld Robin,1
524,Jennie Beell,1
525,Janet Clark,1
527,Wm Johnstone,1
528,Set Wieans,1
529,Malcolm M'Intyre,1
530,William M'Toague,1
531,John Andrew Owner,1
532,Ingenious Coefession,1
533,John Curry,1
534,Well Mr Fashoner,1
535,Swagger Till,1
536,James Lees,1
538,Jamaica Street,1
541,Francis Thornlie,1
680,Jean Petrice,1
682,Dead Heads,1
1818,Idle C,1
836,Eleven Soldiers,1
822,John Watson,1
823,John King,1
824,Habbie Symson,1
827,Little Govan,1
828,Craig Royston,1
830,Till Marriage,1
831,Elspeth Reid,1
832,Poor Parents,1
833,Mr. M'Arthur,1
835,Mr. Alexander Pennecuik,1
837,Ason Tay,1
793,Janet -Rise,1
838,S COTS,1
839,Apron Strings,1
840,Glasgow Gartmore Braes,1
841,Dont Let Us Be Stranger,1
842,English Porter,1
843,Danger Signal,1
844,John Crags,1
845,Old Teviots,1
846,John Rennie,1
847,Reidin Bells Wynd,1
821,Archibald Morrison,1
820,James Aspden,1
819,Bright Cynthia,1
818,Toag Pati,1
795,Young Ellen,1
796,William Evans,1
797,J. Moncrieff,1
798,Twa Piitols Charg,1
800,Thomas Riddel Esq,1
802,Gordon Miss Gauden Miss Gee Miss Gascoigne,1
803,Euphame M'Clasean,1
804,Architect Robert Jamieson,1
805,Labour Would,1
806,William Adam,1
807,Barney O'Whack,1
808,Holy Murther,1
809,Gae Doun,1
810,Daniel Alexander Murray,1
811,Pipeclay Dusting Depo,1
812,Gallantpoacher Raven Haill,1
813,Gallant Young Gentleman,1
814,Robert Henry,1
815,Charles Wain,1
816,James Aitcheson,1
817,Walter Thomson,1
848,St Geils,1
849,Margaret Love,1
851,Bublin Bay The True Orange Boy Ane,1
876,James Ormerod,1
879,James Kirkland,1
880,George Ralph Collier,1
881,Sir Colin,1
882,Diederih Altmann Greenock,1
883,James Chambers,1
885,Hath Heav,1
887,Signior Macdougalion Musician,1
888,Ardry Whines,1
889,Her Bonniewallies,1
890,From Britunnia,1
891,Mathew Steel,1
893,Elizabeth Wardrop,1
894,Sally Donnechie,1
895,JAMES HENDERSON,1
896,Glasgow Jail,1
897,William Baxter,1
898,Margt Tindel,1
899,James Corbet,1
901,William Pagan,1
902,Pudden Pies,1
903,Where Poverty,1
878,My Mother,1
875,John McDonald,1
852,Langside Brae,1
874,Heather Joek,1
853,Ditto Mover,1
854,David Rutherford,1
855,Bleaching Knocks,1
856,Andrew Walker,1
857,Captain Mathias Garribrae Commander,1
858,Or Targ,1
859,Archibald Brock-,1
860,Bill Cards,1
861,William M'Nicol,1
862,MR. Robert Irvine Chaplain,1
863,J. F. Stoddart,1
864,Lord Nelson,1
865,Till Caps,1
866,James Aytoun,1
867,Maggy Lauder,1
868,Allison Pearson,1
869,Duncan Macfarlane,1
870,James Smith,1
871,Nineteen Naysays,1
872,Robert Lang,1
873,Almighy God,1
794,Lord Anson,1
792,Rich Mercy,1
683,Argyle Street,1
725,Mr. Robert Irving,1
715,JAMES STUART,1
716,Mary Ste,1
717,Charles Campbell,1
718,Show Light,1
719,Hugh M'Ilvain,1
720,Being Askt,1
721,Sally Monro,1
722,Jean Shaw,1
723,Deuste Box,1
724,Resist Deaths Darts,1
726,Simon Ross,1
791,David Stiven,1
727,Poetick Breath,1
728,Peter Anderson Horner,1
729,John M'Lachian,1
731,St Leonards,1
732,Scottish Men,1
733,William Rebertson,1
734,Drs Benton,1
735,Philip Duff,1
736,Old Pope,1
737,Rose Sandstone,1
714,Edinburgh Evening Post,1
712,Margaret Gordon,1
710,Lonnie Bessie Lee,1
709,King Pharoah,1
684,Blood Guiltiness,1
685,David Urquhart,1
687,Lord Howth,1
688,William Osborne,1
689,Jury Trials,1
690,Robert Aitken,1
691,J. M'Millan,1
692,Willie Alone,1
693,Warlick Pios,1
695,Matthew Smith,1
697,Mary Paterson,1
698,Hocus Pocas,1
699,Knights Flags,1
700,Despises Man,1
701,Dennie Bridge,1
702,Noble Race,1
703,Sir George Ballingall,1
704,Sir M. Shaw Stewart,1
705,Make Boots,1
707,Thomas Fahey,1
708,Home Lady Eleonora Home Hon,1
738,Hugh Willie,1
739,Mary Gray,1
740,Neil Johnston,1
766,Hugh Arrol,1
769,Rob Roy,1
770,Poor Old Jeff,1
771,Thomas Ports,1
772,Breath Put,1
773,Old Thief,1
774,Geordy Purdy,1
775,William Fidler,1
776,Eleven Pounds,1
778,Benjamen Moir,1
779,Sir William Perkius,1
780,Meg Merrilees,1
781,Janet Turnbull,1
782,Vertues Vail,1
783,Charlotte Amelia Caroline Augusta Clara Georgina,1
784,Souter Johnny,1
785,Lang Wond,1
786,Kerr Young,1
787,James Plunket,1
788,John Develen,1
789,Till Scotland,1
790,Robert Emond,1
768,Blue Ruin,1
765,Margaret Holl,1
741,Religions Dawes,1
764,Jessie Frae,1
742,Janet Heatly,1
743,My Governour,1
744,James Stevenson,1
745,Bull Run,1
746,Maggie Benson,1
747,Jeanie Deans,1
748,Marion Gunn,1
749,James Plaoket,1
750,James Spinnet,1
751,Young Penery,1
753,Alexander Weir,1
754,Young Fanny,1
755,Draw Him,1
756,Bailie M,1
757,James Hill,1
758,WILLIAM PEDDIE,1
759,Nix My Dolly,1
760,Thorney Bank,1
761,My Jockie,1
762,Drs Penny,1
763,Robert Jamieson,1
461,Eastdale Moor,1
460,Endinburgh Jail,1
459,William M'Phee,1
158,Fierce Donald,1
147,Femal Hands,1
148,George Kerr,1
149,JAMES ANDERSON,1
150,John Wood,1
151,James Wemyss,1
152,Sic News,1
153,Charles Hill,1
155,Ann Newalor Carl,1
156,William Turner,1
157,Hellish Reflections,1
159,Pope Joan,1
117,Grace M'Pherson,1
160,Jun R Davidson,1
161,Ye Nimphs,1
162,Dragoon Guards,1
163,Dear Bessy Bell,1
164,Willie Lawrie,1
165,Sweet Dundee Braes,1
166,Twenty Thousand,1
167,Mr. Marriott,1
168,Godly Sorrow,1
169,Glenlivet Whisky,1
146,J. Baird,1
145,Glenton Farm,1
143,David Dunn,1
142,Bill Eales,1
119,Lord Armadale,1
120,Thomas Donald,1
121,Auld Scotland,1
122,Fizzie Gow,1
123,William Fulton,1
125,Peter Pickthank Witless,1
126,Crying Cockles,1
127,J. Gibson,1
128,David Douglas,1
129,Poor Jeremiah,1
130,Glencoe SCOTLAND,1
131,Castile Soap,1
132,Great Being,1
133,Mary Hamilton,1
134,Throw Upper,1
136,Glasgow Fast,1
137,Dowhill Street,1
138,Catharine Harley,1
139,Iron Barge,1
140,Daniel Frazier,1
141,Inverness Courier,1
170,Tis Kirkcraft,1
173,Bare Lewie,1
174,Sarah Graham,1
204,Johnny O,1
206,Mrs Emonds,1
207,London Burn,1
208,Mrs Lift,1
209,Consin 'd,1
210,Ilk Pleasure,1
212,Captain Macrae,1
214,Valley Hadarimmon,1
215,Dict Thom,1
216,Your Lang Wond,1
217,Mara Sinclair,1
219,Whose Air,1
220,Me Back Again,1
221,Jean King,1
222,Ana Renny,1
224,Near Temple Bar,1
225,Dundee NEW,1
226,Ranken W—y,1
229,Ann Main,1
230,Where Destany,1
231,Mr. M,1
232,Wooden Scizzars,1
205,Nathaniel Gordon,1
203,Charles Gordon,1
175,Without Respect,1
201,William Hunter,1
176,John Sutherland,1
178,Mr. Peel,1
179,Begone Schismaticks,1
180,Make Wife Men,1
181,James M Coul,1
183,Ninteen Years,1
184,Young Jane,1
185,Peter Martin,1
186,William Scott,1
187,Stock Bridge,1
188,Francis Polin,1
189,James Watt,1
190,William Nisbet,1
192,Braid Straik,1
194,Peter Sinclair,1
195,Noisie Froth,1
196,William Tutton,1
197,Dennis Hart,1
198,Philip Cairnie,1
199,Abergeldy Birks,1
200,Charles Boyle,1
118,Mesa John,1
116,Catharine Cuthbert,1
457,James Caines,1
40,Ann Newal,1
29,Mr. Heart Prayed,1
30,James Algie,1
31,Taunty Ranty,1
32,Samuel Neilson,1
34,J. GALBRAITH,1
35,John Purves,1
36,Purged Excessively,1
37,Steven Muir,1
38,North Berwick,1
39,Flags Half,1
41,George Sligo,1
115,My Leather,1
42,Maggy Lawder,1
43,Yin O,1
44,Craudy Maudy,1
45,Royal Band,1
46,Unclean Thoughts,1
47,Wilham Robertson,1
48,Hugh Gallaghen,1
49,John M'Intyre,1
51,JOHN PETTIGREW,1
52,Fear 'd,1
28,Pash Sadel,1
27,Lord Elden,1
26,James Kenny,1
25,John Nan,1
2,Tarn Glen,1
4,Major Stenson,1
5,Jean Tamson,1
6,Cuntrys Cause,1
7,Alext Norris,1
8,William Murray,1
9,Mrs Ran,1
10,Hankie Pankie Susan,1
12,Steam Boat Ayr,1
13,Missa Tongou,1
14,Let Highland,1
15,Sir William Rae,1
16,Jacobite Song,1
17,Mr. Honyman,1
18,Lizie Bailie,1
19,Whose Power,1
20,Wm Kechni,1
21,Allan Murchy,1
22,O Caledon,1
23,Adalphus Fitzclarence,1
24,Green Balgay,1
53,Waterton Shall,1
54,Lovely Erin,1
55,Heath Flower,1
84,Mr. CAMPBELL,1
86,Lord Lewis Gordon,1
87,Hath Death,1
88,Ten Pounds,1
89,Smith Macfarlane,1
90,Madam GRAMMANDONI,1
92,Job Printer,1
93,Robert Lawrence Tennant,1
94,—Robert Simpson,1
95,John Niven,1
97,Rin Doon,1
99,MR. DICKSON,1
100,Sweet Mary,1
102,Upper Cassock,1
103,Thoughts Sublime,1
105,Miss Rachel Herbert,1
107,Quærelas O,1
108,James Barton,1
109,Mr. Millar,1
110,Miss Samba Bumm,1
111,Poor Crosbie,1
112,Simple Simon Land,1
85,Forty Pound,1
83,Eight Miles,1
56,Tom Tory,1
82,DAVID BROWN,1
57,Mell Feld,1
59,Dick Turpin,1
60,Golden Laces,1
62,Story Books,1
64,Margaret Jackson,1
65,Margaret Farquhar,1
66,Jane Stewart,1
67,Robert Hunter,1
68,Maud Tramp,1
69,Mr. Spend-all,1
71,Loyal Piece,1
72,Alexander Stevenson,1
73,William IV.,1
74,Immense Success,1
75,Sower Ale,1
76,Margaret Lnng,1
77,Wifea Gossoping,1
78,James Daily,1
79,Negro Melodist,1
80,Story Tellers,1
81,Pepper Mill,1
233,Margaret Dudhope,1
234,Slaine Susan,1
235,William Watt,1
390,James Pattison,1
380,Peter M'Niven,1
381,Mr. Wilson,1
382,William Sinclair Bishop,1
383,Mr. Richard Rothwell,1
384,Sacred Treasure,1
385,Robert M'Inanlly,1
386,Sir Alex,1
387,Bussie Bodies,1
388,Ann Boaras,1
389,William Lawries Dog,1
391,Peter Galbraith,1
236,ANDREW PEEBLES,1
392,Andrew Docharty,1
394,James M. Monnagall,1
396,Uncle Joe Slap,1
397,Mary Makree,1
398,Engine Driver,1
399,John Forbes Drummond,1
400,John Chisholm,1
401,Mary Lamond,1
403,Bonnie Gibraltar Jamie Foyers Donald,1
404,Sees Wrath,1
379,John Drummond,1
378,Ann Dunlop,1
377,Slaine Just,1
376,Paid William Hare,1
354,Laggs Son,1
355,Jenny Broadside,1
356,Richard Smith,1
357,Michalel Pirnie,1
358,Niel McKan,1
359,Just Call Back,1
360,Margaret Bremner,1
361,Billy Pattison,1
362,Archer Keen,1
363,Sergent Leckie,1
364,William Gadesbey,1
365,Ple Foot,1
366,Respectit Freen,1
367,May Griffin,1
369,John Thompson,1
370,Brew Sir,1
371,Janet Black,1
372,Charles M'Donald,1
373,James Douglas Lady Helen Douglas,1
374,Mr. Cullen,1
375,Jean Fulton,1
405,Mother Clifton,1
406,Robin Rattle,1
407,Pray Stand,1
432,Jamie Abercrombie,1
434,Marion Hutchison,1
436,Petty Chapmen,1
437,Moon All Authors,1
438,James M'Wheelan,1
439,King George,1
440,James Masshall,1
441,Eternal Misery,1
442,Mrs S,1
443,Bonny Lassie,1
444,Hugh Robertson,1
445,Sweepers Hall,1
446,Princes Street,1
447,Invoica Tops,1
449,Maud Married,1
450,Pedlar Bawn,1
451,Christian Cameron,1
452,Jean Russell,1
453,Balmutto House,1
454,John Graham,1
455,Auld Mungo,1
456,Ann Bennitt,1
433,Stephen Harries,1
431,Lawrence Oliphant,1
408,Robert Highet,1
430,Enhanc 'd,1
409,John Connell,1
410,David John,1
411,Gilbert Barr,1
412,John Dorn,1
413,JOHN GILLIES,1
414,Twa Dogs,1
415,St. Paul,1
416,Ayr Advertiser,1
417,Pierce Adamantine Ears,1
418,Sergeant Eewis Stewart,1
419,Matthew Grass,1
420,Tory Clerk,1
421,Barheugh Withoutten,1
422,Elizabeth Macdonald,1
423,Sir James Cuningham,1
424,Soul Tryed,1
425,Thou Eastlingtoun,1
426,George Stephenson,1
427,Gif Johnny Dowie,1
428,Mr. C.,1
429,Archidald Allan,1
351,Dumbarton Renfrew,1
350,Shaw Stewart,1
349,James Brachim Son,1
263,Samuel Waught,1
265,Enster Easter,1
266,John Bell,1
267,Margaret Ballantyne,1
268,David Glenn Guilty,1
269,First Bailie,1
270,Alexander Munro,1
271,Jannet Stewart,1
272,Joseph Arbuckle,1
273,Bold Brarnnan,1
274,Ten Tribes,1
275,Helen Fraser,1
276,Begotten Son,1
277,John Moffat,1
278,Your Parson,1
279,Elizabeth Livingston,1
280,Mardon Laws Milne,1
282,Darby Maguire Land,1
283,Bull Money,1
284,Small Maces,1
285,Thomus Conner,1
286,George Ballantine,1
264,William Wassace,1
262,Brave Ajax,1
288,Seraphick Song,1
261,Rosaline Forty Years Ago The Countryman,1
237,Mrss Thompson,1
238,M 'Pherson,1
240,Bonnie Scot,1
241,Never Surrender,1
242,Rash Youth,1
243,Pious Patience,1
244,Aytoun Weel,1
245,John Histon,1
246,Duncan M'Innes,1
247,Will Tail,1
248,James M'Farlane,1
249,Edinburgh Reprinted,1
250,Sober Liv,1
251,Ninewells Mr Houston,1
252,JOHN KENNEDY,1
253,Pulka Wulka,1
254,Mary Neil,1
256,Leave RAMSAY,1
258,Allan Grant,1
259,Lord Mackinzie,1
260,Catherine Franks,1
287,Peter Haenan,1
289,Overgte Dundee,1
348,Mr. M'Guire,1
320,Brown James Brown,1
322,Miss Gordon,1
323,Archibald McLardy,1
324,Let Cub,1
325,Baits Frae,1
326,Halden Soldier,1
327,James Sproull,1
328,George Craig,1
329,Thou Foster,1
330,Stephen Sullivan,1
331,Civil Government,1
332,Jeannie Shaw Tom Bowling,1
333,Katharine Home,1
334,So Jock,1
335,Lady Christian Carnagie,1
336,Silken Rooms,1
339,Wind Or,1
341,Says Jem,1
343,Doctor Tucker,1
344,Thomas Donochie,1
345,George Warden,1
347,Henry V.,1
321,Chimney Sweepers,1
319,George Bertram,1
290,Abbey Closs,1
318,Bloody Men,1
291,From Hedge,1
292,Maggy Laid,1
293,Betty Micklewell,1
294,Jemes Newlands,1
295,Quiet Hope,1
296,Grim King,1
297,William Moorhead,1
298,James Burtnay,1
299,Further Particulars,1
300,Nis Wisdom,1
302,Borrows Town,1
303,William Tait,1
304,Duniel Grant,1
305,Matthew Bell,1
306,Murdoch Grant,1
307,Oh Lochiel,1
308,X Y,1
309,False Evidence,1
311,Maggy Monyfeet,1
314,Bothwel Bridge,1
315,William Allison,1
905,Danny Sim,1
906,Memory Stink,1
907,Neil Burke,1
1522,Humphry Hincy,1
1508,John Kelly,1
1510,Bread Poor Facers,1
1511,Margaret Yates,1
1512,Jas Ruthven,1
1513,Nicol Musker,1
1514,Fine Big Woman,1
1516,Matthew Turnbull,1
1517,Bonee Lodds,1
1518,John M'Dougall,1
1520,Tir 'd,1
1523,Craigie Wells,1
1478,Bessy Miller,1
1525,Three Ganias,1
1526,Eight Years,1
1527,Crupper One,1
1528,Magerat Bishop,1
1529,O Oh,1
1530,Nisbet Hamilton,1
1534,John Lindsay,1
1535,Bishop Scott,1
1536,Mary Thomson,1
1537,Edward Fitzgerald,1
1507,O Providence,1
1506,Jonn Foy,1
1504,George Christie,1
1503,Mistris Fox,1
1480,Christian Liberty,1
1481,Alexander Moodie,1
1482,Bully Stnt,1
1483,Appear 'd,1
1484,Baron Clerk,1
1485,Alaster Mackalaster,1
1486,Matthew Orr,1
1487,Cursed Strength,1
1488,Cotton Spinner,1
1489,Ann M'Gregor,1
1490,Doctor Horne,1
1491,Wemyss Hall,1
1492,Mr. Thomas George Knnpp,1
1493,Francis Howden,1
1494,Agaes M'Kerchric,1
1495,Back Stairs,1
1497,James M'Dougal,1
1498,Haggart J Mrs Johnston,1
1499,Mr. J.,1
1500,Matthew Clydesdale,1
1501,Mark Sharp,1
1538,Thomas Badger,1
1539,Marry Gray,1
1540,Dear Master James,1
1567,Sixty Pounds,1
1570,Guns Sir,1
1571,Yet Wisdom,1
1572,Counts Pitcairns,1
1573,Dear Johnnie,1
1574,William Beveridge,1
1575,Head Jailor,1
1576,James Spence,1
1577,Sir John Hay,1
1578,Ann Ingham,1
1579,Donnell Aboo,1
1580,Joseph Park,1
1581,Miss Wilison,1
1582,Brown Gelding,1
1583,Mr. Justice Moore,1
1584,Margaret Bell,1
1585,Kind Widow Caddel,1
1586,Prices Current,1
1587,Shamout Whores,1
1588,Jessie M'Pherson,1
1589,Lords Justice Clerk,1
1590,Deaths Commission,1
1568,Habbie Simpson,1
1566,Bardish Inspiration,1
1541,Ochiltree Sacrament,1
1565,Clyde Canal,1
1543,Horrid Crime,1
1544,Honouroble John,1
1545,James Urie,1
1547,Archibald M,1
1548,Flock Throw,1
1549,John Wardlaw,1
1550,Baker Brown,1
1551,Bloody MURTHER Committed,1
1552,Helen Broadly,1
1553,Sebastopol Pipe,1
1554,Margaret Macpherson,1
1555,Massa Brown,1
1556,Bold Captain Duff,1
1557,Linen Combany,1
1558,Lady Gay,1
1559,William Perrie,1
1560,Pakes Go,1
1561,George M'Donald,1
1562,Ludovick Cameron,1
1563,Africk Annandale,1
1564,Ladie Ann,1
1479,Thomas Reynolds,1
1477,Michael Harkins,1
1361,Elison Mitchill,1
1403,Hamilton Street,1
1392,William Probert,1
1393,Hellish Impieties,1
1394,Gilmorehill Quaker,1
1395,James Doghety,1
1396,Muir Park,1
1397,Mukle Blawste,1
1398,Mr. Devil,1
1399,John Martin,1
1401,Lowland Caroline,1
1402,Agnes Cameron,1
1404,Miss Mally Stewart,1
1476,Henry Marshall,1
1405,Rob Morris,1
1406,John Ashworth,1
1407,Music Chaplain,1
1409,Lottery Prizes,1
1410,Tony Aston,1
1411,John M'Leod,1
1412,Mister Pond,1
1413,Twelve Dozen,1
1414,John Learmonth,1
1415,Wester Mainses,1
1391,Call Me Back Again,1
1390,Good Lord,1
1389,Mr. Innes,1
1388,Large Fardingales,1
1364,Dread Comet,1
1365,Elizabeth Anderson,1
1367,Bonnie Braes,1
1368,Married Hannah,1
1369,My Jewell,1
1370,Anld Reekie,1
1371,Sweet Refrain,1
1372,William Meredith,1
1373,Mansie Wauch,1
1374,Bonnie Gibraltar Sailing,1
1375,Robert Keith,1
1376,Sir James Dalyell Bart,1
1377,James Cleland,1
1378,Galbraith Logan,1
1379,Place Albany,1
1381,Andrew Fl.ckhart,1
1382,Kathleen Movourneen,1
1383,William M'lntyre,1
1384,Henry Gibson,1
1385,Neil Cordey,1
1387,My Jeanny,1
1416,Ere Pœbus,1
1417,Janet Madie,1
1419,Johnnie Russell,1
1450,Brother Finhaven,1
1452,John Cox,1
1453,William Dodds,1
1454,Isobel Davie,1
1455,Mr. M'Grigor,1
1456,Isabel Russel,1
1457,William Bolamgal,1
1458,Wallace Street,1
1460,Mr. Graham,1
1461,Nine Gallon,1
1462,Fought Sir,1
1463,Agnes Dongal,1
1464,Brother Flint,1
1465,Sandy Speck,1
1466,Plaidie O,1
1468,Sin Sarah,1
1469,Strathmore Kinghorn,1
1470,Thomas Morrison,1
1471,Church St.,1
1473,Carbredus Claudius,1
1474,Samuel Maxwell,1
1475,Royal Scepter,1
1451,Daniel Montgomery,1
1449,Bartholomew Collins,1
1420,Drs Inglis,1
1447,Wilfred Barnett,1
1421,Medley Lines,1
1422,Bush Expos,1
1423,Ann Farquharson,1
1424,Mr. Neill Mackvicker,1
1426,Cuddie Samuel,1
1427,W Scots,1
1428,John Kerracher,1
1429,John Ross,1
1430,Todd Captain Thomson,1
1431,Mary M'Williams,1
1432,Lord Justice Reason,1
1433,Sir Gilbert Menzies,1
1434,Pillorie Are,1
1436,Just Tribute,1
1437,Daniel Mackree,1
1438,Sweet Dundee My Boat,1
1441,Stenhouse Miss Bruce Miss,1
1443,James Jack,1
1444,John Gray,1
1445,John Roney,1
1446,David Dobbie,1
1591,Home Rule Bill,1
1592,Mr. S,1
1593,Her Hookey Walker Phaudrig,1
1743,William Calderwood,1
1732,Jean Miller,1
1733,Eleven Days,1
1735,Popolar Aplause,1
1736,Felni Packy,1
1737,Nay Crown,1
1738,Wm M'Leod,1
1739,Mr. Robertson,1
1740,Whose Beauty,1
1741,Alexr Godan,1
1742,Was Cant,1
1744,Seven Months,1
1594,Alexander Agnew Bryce,1
1746,Angelick Quire,1
1747,Thos Gentles,1
1748,Great Soul,1
1749,James Donnelly,1
1750,JOHN MURRAY,1
1751,Charles Rowan,1
1752,Pearled Beds,1
1753,Robert Bready,1
1754,Frederick Winkworth,1
1755,John Counterfeit,1
1731,Jane Ross,1
1730,Katty Darling,1
1729,William Wilkie,1
1727,Close LAWKMARKET,1
1705,Poor Man,1
1706,Waterloo Rooms,1
1707,Trades Colours,1
1708,Dirty Dick,1
1709,Dishelout British,1
1710,John Grotto,1
1711,Bastard Child,1
1712,John Cubie,1
1713,Thy Practise,1
1714,David Dobbe,1
1715,John Raybould,1
1,From Colonel Caldwals,1
1718,John Forbes,1
1719,Leith Wynd Foot Condemn,1
1720,Eileen Alannah Kathleen Mavourneen Killarney,1
1721,John Douglas,1
1722,Miss Mackiver,1
1723,Swanee Ribber,1
1724,George Dougherty,1
1725,Scotland Oh Bonnie Scotland,1
1726,John William,1
1756,James Haggart,1
1758,Village Queen,1
1760,Thomas Law,1
1790,Street Calton,1
1793,Peggy Dandy,1
1794,William Leonard Swan,1
1795,Peter Walker,1
1797,John M'Grady,1
1798,Robert Peel,1
1800,John Cunningham,1
1801,Closs Cowgate,1
1802,Ducan Fraser,1
1804,Perth Circuit,1
1805,Teir Cowns,1
1806,Than Hounds,1
1807,Isobel Dick,1
1808,John Livingstone,1
1809,Gib Glaiks,1
1810,Helen Mackenzie,1
1811,Janet Begbie,1
1812,Crys Her Death,1
1813,Joe Was,1
1814,Targin Tallyo,1
1815,My Bark,1
1817,William S,1
1792,Margaret Dynan,1
1789,Darby Magaire Land,1
1761,Monday___Miss Herbert,1
1788,James Cuthbert,1
1762,Beatiphick Vision,1
1763,Ann Cromie,1
1764,James Aitchison,1
1765,Whose Tenor,1
1766,Three Months,1
1769,Mr. George Tureff,1
1770,Symen Sidebags,1
1771,Cathrine Kinrade,1
1772,J. Warriner,1
1773,J. T. Glasgow,1
1775,Janet Lergnson,1
1776,James Struthers,1
1777,Betsy Gordon O,1
1778,Haly Rood,1
1779,Kings Will,1
1780,Which Madam Nature,1
1782,Robes Six Gentleman,1
1784,Long Barney Kate Kearney,1
1785,William Taylor,1
1786,Great William,1
1787,Thou Want,1
1704,O Scotland,1
1703,Seiz 'd,1
1702,Ann Dunsmore,1
1621,Yet Swallow,1
1623,Honest LogyScott,1
1624,Mary Hendrie,1
1625,Twasat Warren,1
1626,Peoples Eyes,1
1627,Lady Delacour,1
1628,Argyle Tho,1
1629,James M. Crae,1
1630,John Gardner,1
1631,JAMES KIRKWOOD,1
1632,Old Moffat,1
1633,Robert Lawrence,1
1634,Edgely Villa,1
1635,How Dark,1
1636,Robert Mitchell,1
1637,Lord Keith,1
1638,Upper Canada,1
1639,Jn McCaral,1
1641,Alexander Philips,1
1642,Camlachie Militia Rattling Blades,1
1644,Angus Forbes,1
1645,Archibald M'Alluw,1
1622,Jamie Wilson,1
1620,Janet Fergusen,1
1647,None Abroad,1
1619,Joseph Wilson,1
1595,John Russell,1
1597,Next Kennedy Murray,1
1598,Flora Queen,1
1599,George Barr,1
1600,Ann Collingwood Captain Collingwood Miss Campbell,1
1601,Thomas Ogilvie,1
1602,Dusky Shads,1
1603,Zealard Piety,1
1604,Roman Nose,1
1605,Horrid Sin,1
1606,Mr. Gentles,1
1607,Civic Rulers,1
1608,William Robertson Christina Robertson Margaret,1
1609,Or Catch,1
1610,Ye Keu,1
1613,Captain Barclay,1
1614,Willie Hare,1
1615,Post Master,1
1616,Joannes Moravius Bublicus,1
1617,Mary Calvert,1
1618,Johnny Ironside,1
1646,JOHN AGNEW,1
1648,Saviour Jesus Christ,1
1701,John Oliver,1
1675,Mrs LONG,1
1677,Shireff Tait,1
1678,Shanker Meg,1
1680,Wholsale Stationer,1
1681,JOHN MURDOCK,1
1682,Great Joy,1
1683,Francis Jones,1
1685,Hugh Gallaghan,1
1686,Margaret Davidson,1
1687,James Redpath,1
1689,John Smith Gardner,1
1690,John Baillie,1
1691,My Jeanies Image,1
1692,Marshal Men,1
1693,Alexander Lelper,1
1694,William Storrier,1
1695,Lord Balmutto,1
1696,Archibald M'Nicol,1
1697,William Harkins,1
1698,Gordon Street,1
1699,Lauchlan MacIntosh Merchant,1
1700,Jamaica Brig,1
1676,Letter Headings,1
1674,Marriage Invitations,1
1649,John M'Kendrick,1
1673,John M'Kenzie,1
1650,Clique Who,1
1651,Noble Man,1
1652,Thomas Donnachy,1
1653,Lords Commisioners,1
1654,Enniskillen Dragoons,1
1655,My All,1
1656,John Carroll Roman Catholic Priest,1
1657,Christopher North,1
1659,James Mumro,1
1660,Cimmerian Darkness Vails,1
1661,Months Age,1
1662,Husbands Brother,1
1663,Causey Stones,1
1664,JAMES BROWN,1
1666,My Robin,1
1667,Sweet Jessie,1
1668,Silver Bars,1
1669,Almighty Jove,1
1670,Alma Inns,1
1671,William Dundas,1
1672,John Guthrie,1
1362,George Square,1
1359,Hill Parnassus,1
908,Willie Allan,1
1061,Says Cocky,1
1049,Nelly Ray,1
1050,My Guts,1
1051,My Principle,1
1052,Robert Paton,1
1053,Mr. Porteous,1
1054,Lord John Russell,1
1055,William Lawrie,1
1056,Much Earthly Wealth,1
1058,Margaret Myles,1
1060,Mike Up,1
1062,James Arnott,1
1017,Charles Carroll,1
1063,Alexander Johnston_,1
1064,John Baptist,1
1065,Rare Fishings,1
1067,Robert Galbraith,1
1068,Judas Maccebus,1
1069,J. Smith,1
1070,George Allan,1
1071,Johnny Drummend,1
1072,John M'CIure,1
1073,Te Man,1
1048,Mr. Marsden,1
1047,Surgeon Lads,1
1046,Charles M'Ewen,1
1045,Mrs Suttle,1
1020,John Dalglesh,1
1024,Miss Nell Graham,1
1026,Society Articles Pamphlets,1
1027,Charlos M'Intosh,1
1028,Father Adam,1
1029,Captain James Murray,1
1030,Water Jenny,1
1031,Gala Water,1
1032,Petter Lang,1
1033,Inner Turn-key,1
1034,Pardon Which,1
1035,Good Liquor,1
1036,Mr. Glen,1
1037,Nancies Unkindness,1
1038,Thomas M'Gonn,1
1039,Watson Cain,1
1040,Next Burke,1
1041,Absolute Supremacy,1
1042,Though Provosts,1
1043,James Mucshet,1
1044,Charles Stewart,1
1075,Magie Hepburne,1
1076,Messrs Bothwick,1
1077,Sweet Kitty,1
1104,Lucky Wood,1
1107,Robert Dundas,1
1108,Sir Wm,1
1109,Robert Smellie,1
1111,Mark Cockerill,1
1112,Eas 'd,1
1113,From Perils,1
1114,Baillie Crombie,1
1115,Pulpit Notices,1
1116,Lord Buchan,1
1117,Marine Humane,1
1118,Dundee Beggar,1
1119,Altar Coal,1
1120,John Boyles,1
1121,Lady Gordon,1
1123,Contriv 'd BELHAVEN,1
1124,Let Doolful Echos Treeble,1
1125,Betty Buchanan,1
1126,Child Stealing Rogue,1
1127,Observer Office,1
1128,JOHN CAMPBELL,1
1129,Jenny Nettles Singing,1
1105,Li Laokum,1
1103,Jean Forbes,1
1078,Archibald McArthur,1
1101,John Boag,1
1079,Steam Boat AYR,1
1080,Doest Thou,1
1081,John From,1
1082,Johnny Hiegh,1
1083,Vild Hangy,1
1084,Use Jenny Nettle,1
1085,Gloomy Winter,1
1086,Peruse Thy,1
1087,Cold Water,1
1088,O Watty,1
1089,Euphan M'Calzeane,1
1090,Keily —Histon,1
1091,Alex M'Dermid,1
1093,Rich Prizes,1
1094,Rightful Soveraign,1
1095,Shadows Empty Counterfits,1
1096,Mr. McBean,1
1097,Hae John Tamson,1
1098,Peter Hob,1
1099,O Yarrow,1
1100,Gross Lyes,1
1018,William Douglas,1
1016,Than Drumnaheath,1
1357,Bishop Murdoch,1
947,Donald M'Craw,1
936,Samuel Thomson,1
937,James M'Call,1
938,Er Long,1
939,Robert Tennant,1
940,Nansie Crukshanks,1
941,Mr. William Prophet,1
942,Dishclout Knight Templar,1
944,Accordingly M'Innes,1
945,Heavens Glor,1
946,Robert Baird,1
948,Isabel M'nab,1
1015,Mrs Easton,1
949,David Adams,1
950,Jean Tho,1
952,Athol Hill,1
953,Nook Fy,1
954,Wrought Cures,1
956,Alexander Adam,1
957,Frae Borean,1
958,John Thomas,1
959,Dugald Dhu,1
961,Needy Poet,1
935,James Dalrymple,1
934,Robert Thomson,1
933,Great WEEMS,1
931,Ye Authors,1
909,William Speedy,1
910,Michael Donelly,1
911,Margaret Rankin,1
912,Jehn Martin,1
913,Captain Malcolm,1
914,Catharine M'Laren,1
916,Henry Pearson,1
917,Dunbar Street,1
918,Solomon Philips,1
919,William Carnegie Wine,1
920,Alexander O'Kane,1
921,Bernard M'Inally,1
922,Four Oxen,1
923,Mr. Squeezer,1
924,Three Ministers,1
925,Wholesale Sta,1
926,S Niddry,1
927,Margaret Cunninghame,1
928,Sir Donald Graham,1
929,P O,1
930,Wisely Manage,1
962,Barbarous Caitiffs,1
963,Hugh Adamsoforgery,1
964,Loe Suilig,1
990,Robert Campbell,1
992,Thirty Miles,1
993,Castle Gate,1
994,John Beg,1
995,Mary Stewart,1
997,William Dron,1
998,Lord Dunsinan,1
999,Harmony Revers,1
1000,Thomas Counell,1
1001,Cousin Patrick Campbel,1
1002,Andrew Stewart,1
1003,Lawrence M'Dermaid,1
1004,Geneva Fryars,1
1005,Taylor Fate,1
1006,Three Passengers,1
1007,William Huskisson,1
1008,Steeny Sly,1
1009,Mike Stirrup,1
1010,Poudred Porck,1
1011,Mr. Anderson,1
1013,O Johny,1
1014,Duncan Grahame,1
991,DAvid Myles,1
989,Elizabeth Williams,1
966,Francis Farquharson,1
988,Gilmerton Criminals,1
967,Though Horse,1
968,Robert Surrege,1
969,O Deluded Wretch,1
970,Edward Marcus Despard,1
971,John Boyd,1
972,Mr. Gordon,1
973,Daniel Stirrat,1
974,Andsew Smith,1
975,Archibald Scott,1
976,Samuel Six Score,1
977,Peter M,1
978,Pat M'Guire,1
979,Created E.,1
980,Advanc 'd,1
981,Cornelius Vanderburgh,1
982,Mungo Blne,1
983,Dainty Geordie,1
984,Where Havies Drons,1
985,Cornelius Lucy,1
986,Stick Tam,1
987,Catherine Tochil,1
1130,Ann Maggy,1
1131,Hallow Fair,1
1133,Alma Whisky,1
1291,Charles II,1
1281,Chancellor Brougham,1
1282,John Donald,1
1283,WILLIAM FRAZER,1
1284,Cruel Murder,1
1285,Roderick M'Ullan,1
1286,Graceliss Bairns,1
1287,Thomas Hamilton,1
1288,Bailies Haig,1
1289,Marjory Craig,1
1290,Maitland Watt,1
1292,Matter Camlachie,1
1134,Maysie Campbell,1
1293,Lords Meadowbank,1
1294,William Veitch,1
1295,Captain Stewart,1
1297,Dainty Davie,1
1298,Sir Henry Parnell,1
1299,JOHN DICK,1
1300,Where Jesus,1
1301,James Stuart Esq,1
1302,Mother Mackree,1
1303,Thy Thoughts,1
1280,Theres Tony,1
1279,Robot Strachan,1
1278,Gledswood Banke,1
1277,Alpine Street,1
1252,James Hosie,1
1253,Club Nil Desperaudum,1
1254,Torn Clothes,1
1255,Mr. Kewley,1
1256,William Liddal,1
1257,Law Mair,1
1258,Bold Gordie,1
1259,Elizabeth Weir,1
1260,James Bonnar,1
1261,James Drummond Esq,1
1262,William Wallace Wight,1
1263,Leith Street,1
1265,Mr. Kaye,1
1266,Autumn Circuit,1
1267,Elizabeth M'Lain,1
1269,Linton Wives,1
1270,Malt Corn,1
1271,James Donaldson,1
1272,Maggie Lauder,1
1275,Sir William Gordon,1
1276,Glory Shoots,1
1304,Fairest Floromello,1
1305,Katie Bain,1
1306,Mr. Lorraign,1
1332,Lauchland Mackintosh,1
1334,Infirmary Street,1
1335,Makes Merchant Ships Trade,1
1336,Brother Currie,1
1337,Had Shepherds Plainness,1
1338,Sir Thomas,1
1339,John M'Nee,1
1340,Mr. Rothwell,1
1341,George Bal,1
1342,Duncan Frazer,1
1343,O Good,1
1344,John M'Dougal,1
1345,Leep Year,1
1346,Jean Cameron,1
1347,Makes Compliments,1
1348,Ann Maclaren,1
1349,Baillie Snell,1
1350,Sole Monarch,1
1351,Sacred Treasures,1
1352,Oor Meg,1
1355,Lucky Gibson,1
1356,Weel Cuddie,1
1333,Fergeus M'Pherson,1
1331,Thomas M'Culloch,1
1307,John Carroll,1
1330,Helen Bennie,1
1308,Tom Reynolds,1
1310,Baron Hume,1
1311,Joan Campbell,1
1312,Great Hoords,1
1313,James Burnet,1
1314,Mr. Whitbread,1
1315,Olimpick Game,1
1316,Hungkee Monkee,1
1317,J. Francis Thomas Broughton,1
1318,Agnes M'Kechnie,1
1319,Betty Cunliffe,1
1320,Philip Farmer,1
1321,Thy Honors,1
1322,Margery Campbell,1
1323,William Bnrke,1
1324,David Knox,1
1325,Berutiful Dame,1
1326,O Perth,1
1327,Thomas M'Calloch,1
1328,Whose Verdu,1
1329,John M,1
1250,Holy Ghost,1
1249,Ann Sparrow,1
1248,John Gillan,1
1162,Thomas Sinclair,1
1164,Hugh Monro,1
1165,O Great,1
1166,Turn Traytors,1
1167,William Baillie,1
1168,Catherine Fitzgerald,1
1169,Mr. William Robertson,1
1170,George Baillie Miss Baillie Miss Betty Baillie Sir,1
1172,Tempest Wind,1
1174,Sick Tales,1
1175,Janet Hutchie,1
1176,Great Britain,1
1178,Captain John Beams,1
1179,Smith M Farlune,1
1180,Mary Horn,1
1181,Alexander Hart,1
1182,Divine Majesty,1
1183,Miss Spenoer,1
1184,John M'Kenna,1
1185,Bonnie Jean,1
1186,Edinburgh Evening Courant,1
1187,Mrs Turner,1
1163,Robin Red Breast,1
1160,Auld Jock,1
1189,Norman Scot,1
1159,Brake Duff,1
1135,James Drummond,1
1136,Argyle Printed,1
1137,Thomas Harrison,1
1138,Mr. Glendinning,1
1139,Ethert Curl,1
1142,Henry Saunders,1
1143,Walter Whyte,1
1144,My Isa,1
1145,John Cook,1
1146,Mount Lebanon,1
1147,Momentainous Man,1
1148,Lassie Will,1
1149,Whose Memory,1
1150,Makes Lovers,1
1152,Sir James Boswell,1
1153,Sir Thomas Kirkpatrick,1
1154,Brave Rose,1
1155,Ye Multitudes,1
1156,Young Rapid,1
1157,Reuben Martin,1
1158,William Munoch,1
1188,Glasgow Printed,1
1191,Be Irish English Scotchmen,1
1247,Which Vice,1
1222,Marble Cutters,1
1225,Donald MacDonald,1
1226,Sarah Kean,1
1227,Mr. Montelth,1
1228,Seven Dials,1
1229,Learned MERRY,1
1230,John Paul,1
1231,Lord Beigham,1
1232,J. J.,1
1233,From Misery,1
1234,Robert Demster,1
1236,Chelsea College,1
1237,Society Article,1
1238,James Brown.—Brown,1
1239,Lords Succoth,1
1240,Luther Mills,1
1241,Great DUKE,1
1242,Cornelius Rylahan,1
1243,Ampsfield Choise,1
1244,Folks Backs,1
1245,Strath Canaan,1
1246,Black Watch,1
1223,Rose Dougherty,1
1221,Stamp Divine,1
1192,Kathleen Mavourneen,1
1220,Quoth Bessie,1
1193,Robert Ure,1
1194,Larry Fegan,1
1195,Daniel Brown,1
1196,Jacob Myers,1
1197,John Manks,1
1198,Charles Mercer,1
1199,Eight Score,1
1202,Object Tyber,1
1203,Lord Reglan,1
1204,Mr. Fisher,1
1205,G O D,1
1206,Whose Names,1
1207,Gould Ear,1
1209,Patrick Neil,1
1211,John Duncan,1
1213,Mrs Hooligan,1
1215,Robert Bruce,1
1216,Jockie Me,1
1217,Walnut Trees,1
1218,Excise Forms,1
1219,Eight Silver Pewther,1
3431,Whose Ruin,1
